,name_comment,content_comment,skuInfo_comment,like_count
0,3***7Chá»©ng nháº­n Ä‘Ã£ mua hÃ ng,"Sáº£n pháº©m ok 
ÄÃºng nhÆ° mÃ´ táº£ chá»‰ lÃ  hÆ¡i má»ng
ThÃ´i thÃ¬ tiá»n nÃ o cá»§a nÃ¡Y thui",NhÃ³m MÃ u:Káºº ÄEN,0
1,vÅ©Chá»©ng nháº­n Ä‘Ã£ mua hÃ ng,bÃ³p Ä‘áº¹p má»‹n ráº¥t tá»‘t nÃªn mua,NhÃ³m MÃ u:Káºº ÄEN,2
2,Tran M.Chá»©ng nháº­n Ä‘Ã£ mua hÃ ng,"cÃ³ hÆ¡n 20k mÃ  nhÃ¬n cÅ©ng cháº¥t lÆ°á»£ng ra pháº¿t, bi vá»ng dÃ¹ng bá»n. cáº£m Æ¡n shop!.hehe ğŸ˜ğŸ˜ğŸ˜ ğŸ˜‚ğŸ˜‚ğŸ˜‚ğŸ˜‚",NhÃ³m MÃ u:Káºº ÄEN,1
3,N***.Chá»©ng nháº­n Ä‘Ã£ mua hÃ ng,"Há»a tiáº¿t káº» Ä‘en tinh táº¿,",NhÃ³m MÃ u:Káºº ÄEN,0
4,0***3Chá»©ng nháº­n Ä‘Ã£ mua hÃ ng,bÃ³p Ä‘áº¹p giao nhanh cÃ³ hÆ¡i má»ng nhÆ°ng ko sao cÅ©ng há»£p vá»›i giÃ¡ tiá»n nÃ y :v,NhÃ³m MÃ u:Káºº ÄEN,0
5,Thiá»‡n T.Chá»©ng nháº­n Ä‘Ã£ mua hÃ ng,Giao hÃ ng Ä‘Ãºng dá»± kiáº¿n. GÃ³i hÃ ng ráº¥t tá»‘t. VÃ  hÆ¡n háº¿t sáº£n pháº©m Ä‘áº¹p y nhÆ° hÃ¬nh.Cháº¥t lÆ°á»£ng thÃ¬ Ä‘á»ƒ thá»i gian nha. Má»i ngÆ°á»i nÃªn mua táº¡i Ä‘Ã¢y.Shop lÃ m sáº£n pháº©m vá»›i phá»¥ vá»¥ ráº¥t hÃ i lÃ²ng lun Ä‘Ã³. 5 sao nha!!!!,NhÃ³m MÃ u:MÃ u nÃ¢u sÃ¡ng,7
6,ThÃºy N.Chá»©ng nháº­n Ä‘Ã£ mua hÃ ng,"Tuy Shop háº¿t mÃ u mÃ¬nh chá»n, cÃ³ nháº¯n tin nÃ³i giao mÃ u khÃ¡c, Shiper láº¡i ko cho kiá»ƒm hÃ ng, nhÆ°ng do tháº¥y bÃ¬nh luáº­n tá»‘t vÃ  tin tÆ°á»Ÿng nÃªn mua lun, hÃ ng ráº¥t Ä‘áº¹p vÃ  Ä‘Æ°á»ng may cÅ©ng ráº¥t Ä‘áº¹p lun, duyá»‡t ok, thix láº¯m, giao hÃ ng nhanh ná»¯a",NhÃ³m mÃ u:Äen,11
7,AnbiChá»©ng nháº­n Ä‘Ã£ mua hÃ ng,"Sáº£n pháº©m Ä‘áº¹p,giá»‘ng hÃ¬nh áº£nh 
Giao hÃ ng nhanh, shipper thÃ¢n thiá»‡t",NhÃ³m MÃ u:MÃ u nÃ¢u Ä‘áº­m,2
8,Ä***.Chá»©ng nháº­n Ä‘Ã£ mua hÃ ng,"Shop Kodoros chÃ o anh chá»‹, cáº£m Æ¡n anh chá»‹ Ä‘Ã£ dÃ nh thá»i gian Ä‘Ã¡nh giÃ¡ cho sáº£n pháº©m cá»§a Shop. Shop ráº¥t láº¥y lÃ m vui vÃ  háº¡nh phÃºc khi nháº­n Ä‘Æ°á»£c pháº£n há»“i tá»‘t vÃ  hÃ i lÃ²ng cá»§a quÃ½ anh chá»‹ nhiá»u áº¡. Kodoros hi vá»ng Ä‘em láº¡i nhá»¯ng tráº£i nghiá»‡m tháº­t tá»‘t khi anh chá»‹ mua hÃ ng Online nhÃ©. Anh chá»‹ hÃ£y báº¥m nÃºt theo dÃµi gian hÃ ng cá»§a shop Ä‘á»ƒ nháº­n Ä‘Æ°á»£c nhiá»u Æ°u Ä‘Ã£i vÃ  nhá»¯ng sáº£n pháº©m cháº¥t lÆ°á»£ng cá»§a shop ná»¯a nha. ChÃºc quÃ½ anh chá»‹ luÃ´n vui váº» vÃ  gáº·p nhiá»u may máº¯n trong cuá»™c sá»‘ng nhÃ©",NhÃ³m mÃ u:MÃ u nÃ¢u Ä‘áº­m,0
9,YupppyChá»©ng nháº­n Ä‘Ã£ mua hÃ ng,"VÃ­ hÆ¡i to nhÆ°ng so vá»›i giÃ¡ thÃ¬ quÃ¡ ok r áº¡
Hskejdjxb
Jsjebdkfnj
Dkendkskdnjjsknfbsjej
Kebdkskd",NhÃ³m MÃ u:Äen,4
10,n***.Chá»©ng nháº­n Ä‘Ã£ mua hÃ ng,"Äáº¹p, quÃ¡ ráº», cháº¯c cháº¯n, chá»‰ dÆ° 1 xÃ­u chá»‰ nhÆ°ng mÃ  giÃ¡ váº­y thÃ¬ quÃ¡ lÃ  Ä‘áº¹p rá»“i ok láº¯m",NhÃ³m MÃ u:Hardware Black,1
11,1***5 tá»« Malaysia,"Shop Kodoros chÃ o anh chá»‹, cáº£m Æ¡n anh chá»‹ Ä‘Ã£ dÃ nh thá»i gian Ä‘Ã¡nh giÃ¡ cho sáº£n pháº©m cá»§a Shop. Shop ráº¥t láº¥y lÃ m vui vÃ  háº¡nh phÃºc khi nháº­n Ä‘Æ°á»£c pháº£n há»“i tá»‘t vÃ  hÃ i lÃ²ng cá»§a quÃ½ anh chá»‹ nhiá»u áº¡. Kodoros hi vá»ng Ä‘em láº¡i nhá»¯ng tráº£i nghiá»‡m tháº­t tá»‘t khi anh chá»‹ mua hÃ ng Online nhÃ©. Anh chá»‹ hÃ£y báº¥m nÃºt theo dÃµi gian hÃ ng cá»§a shop Ä‘á»ƒ nháº­n Ä‘Æ°á»£c nhiá»u Æ°u Ä‘Ã£i vÃ  nhá»¯ng sáº£n pháº©m cháº¥t lÆ°á»£ng cá»§a shop ná»¯a nha. ChÃºc quÃ½ anh chá»‹ luÃ´n vui váº» vÃ  gáº·p nhiá»u may máº¯n trong cuá»™c sá»‘ng nhÃ©",NhÃ³m mÃ u:NO.1 Black,0
12,MUHAMMAD S. tá»« Malaysia,fhsjdhdkndksnsjhsjsjdznsnskzjjzjsjdjdjhajhajhshzhzjzjjsjsjskskksjsjsjjsjggggshjsjsjsjs,NhÃ³m mÃ u:NO.1 Black,0
13,TANG E. tá»« Malaysia,Ráº¥t tá»‘tğŸ‘ğŸ‘ğŸ‘ğŸ‘ğŸ‘,NhÃ³m mÃ u:NO.1 Black,0
14,Kesavan R. tá»« Malaysia,ÄÃ£ nháº­n Ä‘Æ°á»£c hÃ ng ngÆ°á»i bÃ¡n TQ,NhÃ³m mÃ u:NO.1 Black,0
15,****7Chá»©ng nháº­n Ä‘Ã£ mua hÃ ng,Cáº£m Æ¡n báº¡n nhiá»u,NhÃ³m MÃ u:black,0
16,Binh M.Chá»©ng nháº­n Ä‘Ã£ mua hÃ ng,"Äáº¹p, tÃ´i thÃ­ch nÃ³, gÃ³i hÃ ng tuyá»‡t vá»iğŸ“¦, Cáº£m Æ¡n Ä‘áº¡i lÃ½ vÃ  Lazada",Color Family:brown,1
17,0***8Chá»©ng nháº­n Ä‘Ã£ mua hÃ ng,ÄÃ£ nháº­n Ä‘Æ°á»£c hÃ ng cÃ¡m Æ¡n shop nhen sáº½ á»§ng há»™ shop ná»¯a áº¡ giao hÃ ng nhanh,NhÃ³m MÃ u:black,0
18,sadaf tá»« Thailand,"Design:Ä‘áº¹p
 Material:tá»‘t
 Color :Ä‘áº¹p

NhÃ¬n chung ráº¥t Ä‘áº¹p, Ä‘Ãºng Ã½ mÃ¬nh. Ä‘Ã¢y lÃ  láº§n Ä‘áº§u mÃ¬nh dÃ¹ng vÃ­.",NhÃ³m MÃ u:coffee,0
19,0***7Chá»©ng nháº­n Ä‘Ã£ mua hÃ ng,"vÃ­ Ä‘Ãºng máº«u nhÆ° hÃ¬nh, hÆ¡i má»ng nhÆ°ng bá» tÃºi gá»n. cháº¥t hÆ¡i cá»©ng nhÆ°ng so vá»›i sá»‘ tiá»n nhÆ° váº­y lÃ  ok rá»“i. nÃ³i chung cÅ©ng ok. hÃ ng giao hÆ¡i lÃ¢u. nháº­n vá» tháº¥y ok cÃ²n vá» Ä‘á»™ bá»n thÃ¬ Ä‘á»£i xem sá»­ dá»¥ng tháº¿ nÃ o Ä‘Ã£.
hÃ¬nh áº£nh mang tÃ­nh cháº¥t nháº­n xu nhÃ©
 Cháº¥t liá»‡u:hÆ¡i cá»©ng
 Kiá»ƒu dÃ¡ng:Ä‘á»±p, Ä‘Ãºng máº«u
 MÃ u sáº¯c:mÃ u giao Ä‘Ãºng máº«u",NhÃ³m MÃ u:coffee,0
20,C***uChá»©ng nháº­n Ä‘Ã£ mua hÃ ng,"Sáº£n pháº©m Ä‘áº¹p. Sáº£n pháº©m ráº¥t tá»‘t, kÃ­ch thÆ°á»›c tá»‘t.",Variation3:OD silicon,0
21,DangTamChá»©ng nháº­n Ä‘Ã£ mua hÃ ng,"hÃ ng Ä‘áº¹p, cháº¥t lÆ°á»£ng phÃ¹ há»£p giÃ¡ tiá»n nhÆ°ng mÃ¹i keo khÃ¡ ná»“ng hehee",Variation3:ODV-Ä‘áº¥t-cao-cáº¥p-ngan,0
22,CuctuChá»©ng nháº­n Ä‘Ã£ mua hÃ ng,"Ä‘Ã£ mua á»Ÿ shop 1 láº§n, vÃ­ má»›i nhÃ¬n tráº§y vÃ¬ lÃ  da bÃ², chá»© dÃ¹ng cÃ ng lÃ¢u da cÃ ng bÃ³ng nha, lÃ¡ng o luÃ´n, cÃ¡c báº¡n k tin cá»© thá»­ nha",Variation3:OD silicon,4
23,tu C.Chá»©ng nháº­n Ä‘Ã£ mua hÃ ng,"sá»‰ tÃºi Ä‘áº¹p SG cáº£m Æ¡n báº¡n nhiá»u nha, shop ráº¥t vui khi nháº­n Ä‘Æ°á»£c Ä‘Ã¡nh giÃ¡ tá»‘t tá»« báº¡n, Shop sáº½ cá»‘ gáº¯n hoÃ n thiá»‡n mÃµi ngÃ y tá»‘t hÆ¡n Ä‘á»ƒ báº¡n yÃªn tÃ¢m mua sáº¯m táº¡i Shop áº¡.",mÃ u:1. Äen viá»n,0
24,Hanh N.Chá»©ng nháº­n Ä‘Ã£ mua hÃ ng,"GiÃ¡ trá»‹ tuyá»‡t vá»i cho sá»‘ tiá»n, Tiá»‡n lá»£i vÃ  thá»±c dá»¥ng, Cháº¥t liá»‡u da bÃ² cháº¥t lÆ°á»£ng cao, Thiáº¿t káº¿ Ä‘á»™c Ä‘Ã¡o vÃ  thu hÃºt Ã¡nh nhÃ¬n, Mang láº¡i tÃ i lá»™c vÃ  may máº¯n, Thiáº¿t káº¿ Ä‘áº¹p vÃ  may máº¯n, Giao hÃ ng nhanh chÃ³ng vÃ  Ä‘Ã¡ng tin cáº­y shop bÃ¡n Ä‘Ãºng máº«u ráº¥t hÃ i lÃ²ng luÃ´n 5*",Variation3:ODV-Äáº¥t-ngang,0
25,Huy T.Chá»©ng nháº­n Ä‘Ã£ mua hÃ ng,"vÃ­ Ä‘áº¹p láº¯m nha, Ä‘Ãºng da bÃ², mÃ¹i vÃ­ má»›i, shop giao cá»±c nhanh, ship quÃ¡ nhanh luÃ´n",NhÃ³m MÃ u:NÃ¢u,0
26,g***tChá»©ng nháº­n Ä‘Ã£ mua hÃ ng,"sá»‰ tÃºi Ä‘áº¹p SG cáº£m Æ¡n báº¡n nhiá»u nha, shop ráº¥t vui khi nháº­n Ä‘Æ°á»£c Ä‘Ã¡nh giÃ¡ tá»‘t tá»« báº¡n, Shop sáº½ cá»‘ gáº¯n hoÃ n thiá»‡n mÃµi ngÃ y tá»‘t hÆ¡n Ä‘á»ƒ báº¡n yÃªn tÃ¢m mua sáº¯m táº¡i Shop áº¡.",NhÃ³m MÃ u:Äen,0
27,L***.Chá»©ng nháº­n Ä‘Ã£ mua hÃ ng,"mua 2 cÃ¡i luÃ´n, shop tÆ° váº¥n quÃ¡ ká»¹, nhiá»‡t tÃ¬nh ná»¯a, á»§ng há»™ shop dÃ i dÃ i",NhÃ³m MÃ u:Äen,1
28,g***tChá»©ng nháº­n Ä‘Ã£ mua hÃ ng,"sá»‰ tÃºi Ä‘áº¹p SG cáº£m Æ¡n báº¡n nhiá»u nha,  sau á»§ng há»™ shop ná»¯a nhÃ©",NhÃ³m MÃ u:NÃ¢u,0
29,Chu H.Chá»©ng nháº­n Ä‘Ã£ mua hÃ ng,"MÃ³n quÃ  hoÃ n háº£o cho ngÆ°á»i thÃ¢n, GiÃ¡ trá»‹ tuyá»‡t vá»i cho sá»‘ tiá»n,",NhÃ³m MÃ u:Äen,1
30,7***6Chá»©ng nháº­n Ä‘Ã£ mua hÃ ng,"Cháº¥t liá»‡u:Ä‘áº¹p 
 Kiá»ƒu dÃ¡ng:OK 
 MÃ u sáº¯c:Ä‘Ãºng nhÆ° mÃ¬nh Ä‘áº·t hÃ ng nhÃ¢n viÃªn giao hÃ ng táº­n nÆ¡i nhiá»‡t tÃ¬nh chu Ä‘Ã¡o ok quÃ¡",NhÃ³m MÃ u:Ngang Äen Play,0
31,Äá»— T.Chá»©ng nháº­n Ä‘Ã£ mua hÃ ng,"Thiáº¿t káº¿ gáº¥p gá»n vÃ  tiá»‡n lá»£i,",NhÃ³m MÃ u:Ngang Äen Play,0
32,Dune M.Chá»©ng nháº­n Ä‘Ã£ mua hÃ ng,"Cháº¥t liá»‡u:tá»‘t, bá»n
 Kiá»ƒu dÃ¡ng:Ä‘áº¹ppppp
 MÃ u sáº¯c:Ä‘en, bÃ³ng
hÆ¡i má»ng he",NhÃ³m MÃ u:Ngang Äen Play,0
33,0***7Chá»©ng nháº­n Ä‘Ã£ mua hÃ ng,"GiÃ¡ trá»‹ tuyá»‡t vá»i cho sá»‘ tiá»n bá» ra,",NhÃ³m MÃ u:Ngang Äen Play,0
34,5***8Chá»©ng nháº­n Ä‘Ã£ mua hÃ ng,"GiÃ¡ trá»‹ tuyá»‡t vá»i cho sá»‘ tiá»n bá» ra, GiÃ¡ trá»‹ tuyá»‡t vá»i cho sá»‘ tiá»n bá» ra,",NhÃ³m MÃ u:Ngang Äen Play,0
35,nguyen V.Chá»©ng nháº­n Ä‘Ã£ mua hÃ ng,"HÃ ng Ä‘áº¹p má»›i , Ä‘Ã¡ng mua",NhÃ³m mÃ u:Äen,4
36,0***3Chá»©ng nháº­n Ä‘Ã£ mua hÃ ng,"[QC] NHáº¬N NGAY 8GB/ngÃ y lÆ°á»›t net. Soáº¡n V180 gá»­i 999! Miá»…n phÃ­ Táº¤T Cáº¢ SMS, cÃ¡c cuá»™c Gá»ŒI ná»™i máº¡ng dÆ°á»›i 10 phÃºt vÃ  5 phÃºt/ngÃ y Gá»ŒI ngoáº¡i máº¡ng! Táº·ng gÃ³i VieON: ÄÃ³n xem Äá»˜C QUYá»€N phim Æ¯á»›c mÃ¬nh cÃ¹ng bay, YÃªu trÆ°á»›c ngÃ y cÆ°á»›iâ€¦loáº¡t phim TVB, Hollywood siÃªu hot. CÃ¡c giáº£i thá»ƒ thao Ä‘Ã¬nh Ä‘Ã¡mâ€¦.GiÃ¡ chá»‰ 180.000Ä‘/thÃ¡ng. [QC] NHáº¬N NGAY 8GB/ngÃ y lÆ°á»›t net. Soáº¡n V180 gá»­i 999! Miá»…n phÃ­ Táº¤T Cáº¢ SMS, cÃ¡c cuá»™c Gá»ŒI ná»™i máº¡ng dÆ°á»›i 10 phÃºt vÃ  5 phÃºt/ngÃ y Gá»ŒI ngoáº¡i máº¡ng! Táº·ng gÃ³i VieON: ÄÃ³n xem Äá»˜C QUYá»€N phim Æ¯á»›c mÃ¬nh cÃ¹ng bay, YÃªu trÆ°á»›c ngÃ y cÆ°á»›iâ€¦loáº¡t phim TVB, Hollywood siÃªu hot. CÃ¡c giáº£i thá»ƒ thao Ä‘Ã¬nh Ä‘Ã¡mâ€¦.GiÃ¡ chá»‰ 180.000Ä‘/thÃ¡ng.",NhÃ³m mÃ u:Äen,0
37,0***4Chá»©ng nháº­n Ä‘Ã£ mua hÃ ng,"cÅ©ng Ä‘Æ°á»£c Ã¡ nÃªn mua nha má»i ngÆ°á»i
hjsjsnhzhjsnvgshjsznjwknwjsjk",NhÃ³m mÃ u:Äen,0
38,HÃ  P.Chá»©ng nháº­n Ä‘Ã£ mua hÃ ng,"vÃ­ ráº» láº¡i dáº¹p, em cá»© tuá»Ÿng vá»›i giÃ¡ 18 cÃ nh vÃ­ nhá», ai vÃ¨ vÃ­ to nha cÃ¡c báº¡n, áº¡ SÃ­p nhiá»‡t tÃ¬nh, giá»… thuong, sáº½ á»§ng há»™ tÃ­p  ( 2nÃ¢u,, 1Ä‘en)",NhÃ³m mÃ u:Äen,0
39,Tá»‘t N.Chá»©ng nháº­n Ä‘Ã£ mua hÃ ng,bÃªn ngoÃ i nhÃ¬n Ä‘áº¹p nhÆ°ng khi coi bÃªn trong thÃ¬ láº¡i bá»‹ má»™t lá»— nhÆ° z,NhÃ³m mÃ u:Äen,0
40,NÄƒng D.Chá»©ng nháº­n Ä‘Ã£ mua hÃ ng,vi ko Ä‘á»ƒ Ä‘c giáº¥y tá» xe,NhÃ³m MÃ u:Äen,0
41,ÄoÃ n T.Chá»©ng nháº­n Ä‘Ã£ mua hÃ ng,hÃ ng kg Ä‘áº¹p nhÆ° trÃªn hÃ¬nh,NhÃ³m MÃ u:Äen,0
42,0***4Chá»©ng nháº­n Ä‘Ã£ mua hÃ ng,"HÃ ng quÃ¡ xáº¥u, khÃ´ng thá»ƒ dÃ¹ng. Äá» nghá»‹ Ä‘c hoÃ n tráº£",NhÃ³m MÃ u:Äen,0
43,Quá»‘c L.Chá»©ng nháº­n Ä‘Ã£ mua hÃ ng,VÃ­ Ä‘áº¹p giao hÃ ng nhanh mn nÃªn mua nhÃ©,NhÃ³m MÃ u:Äen,0
44,Cam P.Chá»©ng nháº­n Ä‘Ã£ mua hÃ ng,hÃ ng Ä‘áº¹p cháº¥t lÆ°á»£ng giao mau ngÆ°á»i giao ráº¥t lá»… phÃ©p,Color Family:Coffee color,0
45,N***.Chá»©ng nháº­n Ä‘Ã£ mua hÃ ng,Ä‘áº¹p nhá» gá»n 5sao,Color Family:Brown,1
46,D***eChá»©ng nháº­n Ä‘Ã£ mua hÃ ng,Dáº¡ shop cáº£m Æ¡n báº¡n Ä‘Ã£ á»§ng há»™,Color Family:Brown,0
47,R***uChá»©ng nháº­n Ä‘Ã£ mua hÃ ng,"Giao hÃ ng ráº¥t nhanh, Ä‘áº·t hÃ´m nay mai Ä‘Ã£ cÃ³ hÃ ng, hÃ ng giá»‘ng máº«u",Color Family:Coffee color,0
48,T***tChá»©ng nháº­n Ä‘Ã£ mua hÃ ng,Dáº¡ shop cáº£m Æ¡n báº¡n Ä‘Ã£ á»§ng há»™ â¤ï¸,Color Family:Coffee color,0
49,T***tChá»©ng nháº­n Ä‘Ã£ mua hÃ ng,"Kiá»ƒu dÃ¡ng:Ä‘c 
 Cháº¥t liá»‡u:cÅ©ng táº¡m................. 
..




......",NhÃ³m MÃ u:black,0
50,*******123Chá»©ng nháº­n Ä‘Ã£ mua hÃ ng,bhjjvbjjdjdjeejeejdndnnxnsnsnssjsjnsnssnsnsnsnsnsns,NhÃ³m MÃ u:coffee,0
51,le M.Chá»©ng nháº­n Ä‘Ã£ mua hÃ ng,hÃ ng okeeeeeeeeeeeeeeeeeeeeeeeeeeeeeeeeeeeeeeeeeeee,NhÃ³m MÃ u:coffee,0
52,*******412Chá»©ng nháº­n Ä‘Ã£ mua hÃ ng,Dáº¡ shop cáº£m Æ¡n báº¡n Ä‘Ã£ á»§ng há»™ â¤ï¸,NhÃ³m MÃ u:coffee,0
53,nguyá»…n V.Chá»©ng nháº­n Ä‘Ã£ mua hÃ ng,HÃ ng Ä‘Ãºng vá»›i quáº£ng cÃ¡o nhÃ¬n vá»«a máº¯t giao Ä‘Ãºng hÃ ng Ä‘Ã¡nh giÃ¡ 5 sao,MÃ u:Äen,0
54,Vuong P.Chá»©ng nháº­n Ä‘Ã£ mua hÃ ng,Shop giao hÃ ng vÃ  Ä‘Ã³ng gÃ³i ráº¥t nhanh,MÃ u:Äen,1
55,ThanhTuyenChá»©ng nháº­n Ä‘Ã£ mua hÃ ng,Cáº§m tÃºi Ä‘Ã¡ng Ä‘á»“ng tiá»n áº¡ . Cháº¥t Ä‘áº¹p Ä‘Ãºng mÃ´ táº£. TÃºi Ä‘ang hot tháº¥y nhiá»u ng Ä‘eo nÃªn mua thá»­ . Oke nhÃ© shop,MÃ u:Äen,1
56,0***6Chá»©ng nháº­n Ä‘Ã£ mua hÃ ng,"giao nhanh nhÆ°ng Ä‘Ã³ng gÃ³i hÆ¡i sÆ¡ sÃ i, tÃºi ko cÃ³ Ä‘á»“ giá»¯ form nhÆ°ng ngÆ°á»£c láº¡i Ä‘c cÃ¡i tÃºi ráº¥t xinh ko nhÃ¬u chá»‰ thá»«a vÃ  ko má»¥t váº¿t xÆ°á»›c luÃ´n",MÃ u:NÃ¢u,0
57,Minh H.Chá»©ng nháº­n Ä‘Ã£ mua hÃ ng,"TÃºi Ä‘áº¹p, má»m, Ä‘Ãºng nhÆ° mÃ´ táº£, giao hÃ ng nhanh, giÃ¡ cáº£ phÃ¹ há»£p. Táº·ng Shop 5 sao.",MÃ u:NÃ¢u,0
58,Van T.Chá»©ng nháº­n Ä‘Ã£ mua hÃ ng,"Thiáº¿t káº¿ mÆ°á»£t mÃ  vÃ  hiá»‡n Ä‘áº¡i, Tuyá»‡t vá»i Ä‘á»ƒ sáº¯p xáº¿p tháº» vÃ  tiá»n máº·t, KÃ­ch thÆ°á»›c hoÃ n háº£o cho viá»‡c sá»­ dá»¥ng hÃ ng ngÃ y,",NhÃ³m MÃ u:Lion nÃ¢u,0
59,Henry R.Chá»©ng nháº­n Ä‘Ã£ mua hÃ ng,"bÃ³p Ä‘áº¹p láº¯m ,cÃ³ máº¥y chá»¥c ngÃ n mÃ  Ä‘áº¹p quÃ¡ ,e thÃ­ch láº¯m ,ship bo nhiá»‡t tÃ¬nh láº¯m",NhÃ³m MÃ u:Lion Ä‘en,0
60,Le C.Chá»©ng nháº­n Ä‘Ã£ mua hÃ ng,"Cháº¥t lÆ°á»£ng, quÃ¡ cháº¥t lÆ°á»£ng vÃ  giÃ¡ ráº». TÃ´i Ä‘Ã£ mua thÃªm 10 cÃ¡i ná»¯a Ä‘á»ƒ táº·ng cho vÃ i ngÆ°á»i thÃ¢n quen. Ai cÅ©ng nghÄ© giÃ¡ vÃ i trÄƒm nghÃ¬n.",NhÃ³m MÃ u:Äen,0
61,trinh N.Chá»©ng nháº­n Ä‘Ã£ mua hÃ ng,Ok,NhÃ³m MÃ u:Lion nÃ¢u,0
62,Nguyá»…n T.Chá»©ng nháº­n Ä‘Ã£ mua hÃ ng,HÃ ng ok nhá» gá»n 5* cháº¥t lÆ°á»£ng tá»‘t,NhÃ³m MÃ u:Lion xanh navy,0
63,PhÃ¹ng T.Chá»©ng nháº­n Ä‘Ã£ mua hÃ ng,ok ok ok ok ok ok ok ok ok ok ok ok ok ok ok ok ok ok ok ok ok,MÃ u:XÃ¡m,0
64,0***3Chá»©ng nháº­n Ä‘Ã£ mua hÃ ng,hang tá»‘t nhá» gá»n Ä‘áº¹p,MÃ u:Äen,0
65,Ngá»c N.Chá»©ng nháº­n Ä‘Ã£ mua hÃ ng,"MÃ u sáº¯c:
á»khbjohjkldssdccvgftfgbgfg",MÃ u:Äen,0
66,BÃ¢n L.Chá»©ng nháº­n Ä‘Ã£ mua hÃ ng,tá»‘t Ä‘áº¹p,MÃ u:Äen,0
67,Tháº¡ch T.Chá»©ng nháº­n Ä‘Ã£ mua hÃ ng,cháº¥t lÆ°á»£ng tuyá»‡t vá»i,MÃ u:XÃ¡m,0
68,****4Chá»©ng nháº­n Ä‘Ã£ mua hÃ ng,"Lucaster cáº£m Æ¡n báº¡n Ä‘Ã£ tin tÆ°á»Ÿng vÃ  á»§ng há»™ sáº£n pháº©m cá»§a lucaster áº¡ â¤ï¸lucaster mong muá»‘n Ä‘Æ°á»£c phá»¥c vá»¥ báº¡n vÃ  ngÆ°á»i thÃ¢n cá»§a báº¡n á»Ÿ nhá»¯ng Ä‘Æ¡n hÃ ng trong tÆ°Æ¡ng lai áº¡ â¤ï¸
ğŸ”ºgÃ³c cáº£nh bÃ¡o lá»«a Ä‘áº£o:
Lucaster chá»‰ kinh doanh sáº£n pháº©m báº±ng da khÃ´ng kinh doanh sáº£n pháº©m khÃ¡c nhÆ° nÆ°á»›c hoa vÃ  Ä‘á»“ng há»“ vÃ  lucaster khÃ´ng gá»i Ä‘iá»‡n thoáº¡i cho khÃ¡ch hÃ ng bÃ¡o sáº½ Ä‘Æ°á»£c tri Ã¢n Ä‘á»ƒ mua sáº£n pháº©m khÃ¡c nÃªn khÃ¡ch hÃ ng cá»§a lucaster hÃ£y cáº©n tháº­n cáº£nh giÃ¡c áº¡ â¤ï¸","NhÃ³m MÃ u:Äen, PhÃ¢n Loáº¡i:Kháº¯c TÃªn",0
69,Nguyá»…n N.Chá»©ng nháº­n Ä‘Ã£ mua hÃ ng,vÃ­ ok Ä‘Ã¡ng tiá»n,NhÃ³m MÃ u:Äen,0
70,V***.Chá»©ng nháº­n Ä‘Ã£ mua hÃ ng,"Lucaster cáº£m Æ¡n báº¡n Ä‘Ã£ tin tÆ°á»Ÿng vÃ  á»§ng há»™ sáº£n pháº©m cá»§a lucaster áº¡ â¤ï¸lucaster mong muá»‘n Ä‘Æ°á»£c phá»¥c vá»¥ báº¡n vÃ  ngÆ°á»i thÃ¢n cá»§a báº¡n á»Ÿ nhá»¯ng Ä‘Æ¡n hÃ ng trong tÆ°Æ¡ng lai áº¡ â¤ï¸
ğŸ”ºgÃ³c cáº£nh bÃ¡o lá»«a Ä‘áº£o:
Lucaster chá»‰ kinh doanh sáº£n pháº©m báº±ng da khÃ´ng kinh doanh sáº£n pháº©m khÃ¡c nhÆ° nÆ°á»›c hoa vÃ  Ä‘á»“ng há»“ vÃ  lucaster khÃ´ng gá»i Ä‘iá»‡n thoáº¡i cho khÃ¡ch hÃ ng bÃ¡o sáº½ Ä‘Æ°á»£c tri Ã¢n Ä‘á»ƒ mua sáº£n pháº©m khÃ¡c nÃªn khÃ¡ch hÃ ng cá»§a lucaster hÃ£y cáº©n tháº­n cáº£nh giÃ¡c áº¡ â¤ï¸",NhÃ³m MÃ u:Äen,0
71,Tran M.Chá»©ng nháº­n Ä‘Ã£ mua hÃ ng,vÃ­ Ä‘áº¹p da má»m Ä‘uonmg chá»‰ khÃ¢u ráº¥t cháº¯c cháº¯n,NhÃ³m MÃ u:Äen,1
72,Trinh T.Chá»©ng nháº­n Ä‘Ã£ mua hÃ ng,"Lucaster cáº£m Æ¡n báº¡n Ä‘Ã£ tin tÆ°á»Ÿng vÃ  á»§ng há»™ sáº£n pháº©m cá»§a lucaster áº¡ â¤ï¸lucaster mong muá»‘n Ä‘Æ°á»£c phá»¥c vá»¥ báº¡n vÃ  ngÆ°á»i thÃ¢n cá»§a báº¡n á»Ÿ nhá»¯ng Ä‘Æ¡n hÃ ng trong tÆ°Æ¡ng lai áº¡ â¤ï¸
ğŸ”ºgÃ³c cáº£nh bÃ¡o lá»«a Ä‘áº£o:
Lucaster chá»‰ kinh doanh sáº£n pháº©m báº±ng da khÃ´ng kinh doanh sáº£n pháº©m khÃ¡c nhÆ° nÆ°á»›c hoa vÃ  Ä‘á»“ng há»“ vÃ  lucaster khÃ´ng gá»i Ä‘iá»‡n thoáº¡i cho khÃ¡ch hÃ ng bÃ¡o sáº½ Ä‘Æ°á»£c tri Ã¢n Ä‘á»ƒ mua sáº£n pháº©m khÃ¡c nÃªn khÃ¡ch hÃ ng cá»§a lucaster hÃ£y cáº©n tháº­n cáº£nh giÃ¡c áº¡ â¤ï¸",NhÃ³m MÃ u:Äen,0
73,Ngo H.Chá»©ng nháº­n Ä‘Ã£ mua hÃ ng,"VÃ­ Ä‘áº¹p, nhá» gá»n, má»m máº¡i.
Táº·ng ax ráº¥t thÃ­ch.
Shop Ä‘Ã³ng gÃ³i sáº£n pháº©m cáº©n tháº­n",NhÃ³m MÃ u:NÃ¢u,0
74,VÄƒn B.Chá»©ng nháº­n Ä‘Ã£ mua hÃ ng,"Lucaster cáº£m Æ¡n báº¡n Ä‘Ã£ tin tÆ°á»Ÿng vÃ  á»§ng há»™ sáº£n pháº©m cá»§a lucaster áº¡ â¤ï¸lucaster mong muá»‘n Ä‘Æ°á»£c phá»¥c vá»¥ báº¡n vÃ  ngÆ°á»i thÃ¢n cá»§a báº¡n á»Ÿ nhá»¯ng Ä‘Æ¡n hÃ ng trong tÆ°Æ¡ng lai áº¡ â¤ï¸
ğŸ”ºgÃ³c cáº£nh bÃ¡o lá»«a Ä‘áº£o:
Lucaster chá»‰ kinh doanh sáº£n pháº©m báº±ng da khÃ´ng kinh doanh sáº£n pháº©m khÃ¡c nhÆ° nÆ°á»›c hoa vÃ  Ä‘á»“ng há»“ vÃ  lucaster khÃ´ng gá»i Ä‘iá»‡n thoáº¡i cho khÃ¡ch hÃ ng bÃ¡o sáº½ Ä‘Æ°á»£c tri Ã¢n Ä‘á»ƒ mua sáº£n pháº©m khÃ¡c nÃªn khÃ¡ch hÃ ng cá»§a lucaster hÃ£y cáº©n tháº­n cáº£nh giÃ¡c áº¡ â¤ï¸",NhÃ³m MÃ u:NÃ¢u,0
75,****3Chá»©ng nháº­n Ä‘Ã£ mua hÃ ng,"má»«ng quÃ¡, sáº£n pháº©m Ä‘áº¿n sá»›m hÆ¡n dá»± Ä‘á»‹nh. nháº­n Ä‘á»‹nh Ä‘áº§u tiÃªn tháº¥y sáº£n pháº©m giÃ¡ tá»‘t mÃ  cháº¥t lÆ°á»£ng láº¯m nha, Ä‘Ãºng da tháº­t nhÃ¬n cÃ³ khÃ¡c, sang trá»ng hÆ¡n, cÃ³ mÃ¹i Ä‘áº·c trÆ°ng. GiÃ¡ ráº» mÃ  Ä‘áº¹p, Æ°ng Ã½ láº¯m nha shop. mua nhiá»u nÆ¡i giÃ¡ ráº» hÆ¡n mÃ  may xáº¥u láº¯m, cÃ³ shop lÃ  tháº¥y uy tÃ­n, nhanh láº¹, tÆ° váº¥n nhiá»‡t tÃ¬nh, sáº½ á»§ng",NhÃ³m MÃ u:BÃ²,0
76,7***1Chá»©ng nháº­n Ä‘Ã£ mua hÃ ng,"Lucaster cáº£m Æ¡n báº¡n Ä‘Ã£ tin tÆ°á»Ÿng vÃ  á»§ng há»™ sáº£n pháº©m cá»§a lucaster áº¡ â¤ï¸lucaster mong muá»‘n Ä‘Æ°á»£c phá»¥c vá»¥ báº¡n vÃ  ngÆ°á»i thÃ¢n cá»§a báº¡n á»Ÿ nhá»¯ng Ä‘Æ¡n hÃ ng trong tÆ°Æ¡ng lai áº¡ â¤ï¸
ğŸ”ºgÃ³c cáº£nh bÃ¡o lá»«a Ä‘áº£o:
Lucaster chá»‰ kinh doanh sáº£n pháº©m báº±ng da khÃ´ng kinh doanh sáº£n pháº©m khÃ¡c nhÆ° nÆ°á»›c hoa vÃ  Ä‘á»“ng há»“ vÃ  lucaster khÃ´ng gá»i Ä‘iá»‡n thoáº¡i cho khÃ¡ch hÃ ng bÃ¡o sáº½ Ä‘Æ°á»£c tri Ã¢n Ä‘á»ƒ mua sáº£n pháº©m khÃ¡c nÃªn khÃ¡ch hÃ ng cá»§a lucaster hÃ£y cáº©n tháº­n cáº£nh giÃ¡c áº¡ â¤ï¸",NhÃ³m MÃ u:NÃ¢u,0
77,Nhiá»u N.Chá»©ng nháº­n Ä‘Ã£ mua hÃ ng,nhá» gá»n .cáº£m tháº¥y ráº¥t ok,NhÃ³m MÃ u:BÃ²,0
78,9***1Chá»©ng nháº­n Ä‘Ã£ mua hÃ ng,"LÃ½ tÆ°á»Ÿng cho viá»‡c sá»­ dá»¥ng hÃ ng ngÃ y, Cáº¥u trÃºc cháº¯c cháº¯n Ä‘á»ƒ sá»­ dá»¥ng lÃ¢u dÃ i, Nhiá»u lá»±a chá»n mÃ u sáº¯c phong cÃ¡ch vÃ  thá»i trang,",NhÃ³m mÃ u:Äen,0
79,superXiuChá»©ng nháº­n Ä‘Ã£ mua hÃ ng,"KÃ­ch thÆ°á»›c tiá»‡n lá»£i vÃ  nhá» gá»n,",NhÃ³m MÃ u:Äen,0
80,S***.Chá»©ng nháº­n Ä‘Ã£ mua hÃ ng,"MÃ u sáº¯c:
ehejqkkwjsbshsbdbdbhwjwnwnwm",NhÃ³m MÃ u:Äen,0
81,Äinh Q.Chá»©ng nháº­n Ä‘Ã£ mua hÃ ng,hÃªhhwhebdbebbsbsbsbsbsjdbdbd ndhsbsbsbdbdbdbdbbdhdhdhdbdbd,NhÃ³m MÃ u:Äen,0
82,Trung N.Chá»©ng nháº­n Ä‘Ã£ mua hÃ ng,"Cháº¥t liá»‡u:da
 Kiá»ƒu dÃ¡ng:vÃ­ ngang
 MÃ u sáº¯c:Ä‘en
vÃ­ Ä‘áº¹p lÃºm nha nhÃ¬n Ä‘Ã¡nh giÃ¡ tui tháº¥y hÆ¡i do dá»± vÃ¬ sá»£ vÃ¬ vÃ­ bá»‹ mÃ©o mÃ³ ko Ä‘áº¹p ai mÃ  cÃ³ dÃ¨ hÃ ng vá» Ä‘áº¹p hÃº há»“n luÃ´n Ä‘Ã£ váº­y shop tÆ° váº¥n cÃ²n nhiá»‡t tÃ¬nh ná»¯a 10Ä‘ ko cÃ³ nhÆ°ng . mua vá» táº·ng bn trai sn hay gÃ¬ Ä‘Ã³ oke lÃºm mÃ­ bÃ  nÃªn mÃºc nhee",NhÃ³m MÃ u:Äen,0
83,VÄ©nh P.Chá»©ng nháº­n Ä‘Ã£ mua hÃ ng,vÃ­ y hÃ¬nh giÃ¡ nháº¹ nhÃ ng,Variation1:1,0
84,l***.Chá»©ng nháº­n Ä‘Ã£ mua hÃ ng,"Lucaster cáº£m Æ¡n báº¡n Ä‘Ã£ tin tÆ°á»Ÿng vÃ  á»§ng há»™ sáº£n pháº©m cá»§a lucaster áº¡ â¤ï¸lucaster mong muá»‘n Ä‘Æ°á»£c phá»¥c vá»¥ báº¡n vÃ  ngÆ°á»i thÃ¢n cá»§a báº¡n á»Ÿ nhá»¯ng Ä‘Æ¡n hÃ ng trong tÆ°Æ¡ng lai áº¡ â¤ï¸
ğŸ”ºgÃ³c cáº£nh bÃ¡o lá»«a Ä‘áº£o:
Lucaster chá»‰ kinh doanh sáº£n pháº©m báº±ng da khÃ´ng kinh doanh sáº£n pháº©m khÃ¡c nhÆ° nÆ°á»›c hoa vÃ  Ä‘á»“ng há»“ vÃ  lucaster khÃ´ng gá»i Ä‘iá»‡n thoáº¡i cho khÃ¡ch hÃ ng bÃ¡o sáº½ Ä‘Æ°á»£c tri Ã¢n Ä‘á»ƒ mua sáº£n pháº©m khÃ¡c nÃªn khÃ¡ch hÃ ng cá»§a lucaster hÃ£y cáº©n tháº­n cáº£nh giÃ¡c áº¡ â¤ï¸",Variation1:1,0
85,l***.Chá»©ng nháº­n Ä‘Ã£ mua hÃ ng,!!!!!!!!!!!!!!!!!!!!!!!!!!!!ok,Variation1:1,0
86,l***.Chá»©ng nháº­n Ä‘Ã£ mua hÃ ng,"Lucaster cáº£m Æ¡n báº¡n Ä‘Ã£ tin tÆ°á»Ÿng vÃ  á»§ng há»™ sáº£n pháº©m cá»§a lucaster áº¡ â¤ï¸lucaster mong muá»‘n Ä‘Æ°á»£c phá»¥c vá»¥ báº¡n vÃ  ngÆ°á»i thÃ¢n cá»§a báº¡n á»Ÿ nhá»¯ng Ä‘Æ¡n hÃ ng trong tÆ°Æ¡ng lai áº¡ â¤ï¸
ğŸ”ºgÃ³c cáº£nh bÃ¡o lá»«a Ä‘áº£o:
Lucaster chá»‰ kinh doanh sáº£n pháº©m báº±ng da khÃ´ng kinh doanh sáº£n pháº©m khÃ¡c nhÆ° nÆ°á»›c hoa vÃ  Ä‘á»“ng há»“ vÃ  lucaster khÃ´ng gá»i Ä‘iá»‡n thoáº¡i cho khÃ¡ch hÃ ng bÃ¡o sáº½ Ä‘Æ°á»£c tri Ã¢n Ä‘á»ƒ mua sáº£n pháº©m khÃ¡c nÃªn khÃ¡ch hÃ ng cá»§a lucaster hÃ£y cáº©n tháº­n cáº£nh giÃ¡c áº¡ â¤ï¸",Variation1:1,0
87,l***.Chá»©ng nháº­n Ä‘Ã£ mua hÃ ng,vÃ­ Ä‘áº¹p cháº¥t lÆ°á»£ng tá»‘t giÃ¡ ok cÃ¡ch Ä‘Ã³ng gÃ³i sáº£n pháº©m cá»§a shop ráº¥t chuyÃªn nghiá»‡p mua táº·ng quaqf ráº¥t há»£p lÃ½,Variation1:1,0
88,l***.Chá»©ng nháº­n Ä‘Ã£ mua hÃ ng,"Lucaster cáº£m Æ¡n báº¡n Ä‘Ã£ tin tÆ°á»Ÿng vÃ  á»§ng há»™ sáº£n pháº©m cá»§a lucaster áº¡ â¤ï¸lucaster mong muá»‘n Ä‘Æ°á»£c phá»¥c vá»¥ báº¡n vÃ  ngÆ°á»i thÃ¢n cá»§a báº¡n á»Ÿ nhá»¯ng Ä‘Æ¡n hÃ ng trong tÆ°Æ¡ng lai áº¡ â¤ï¸
ğŸ”ºgÃ³c cáº£nh bÃ¡o lá»«a Ä‘áº£o:
Lucaster chá»‰ kinh doanh sáº£n pháº©m báº±ng da khÃ´ng kinh doanh sáº£n pháº©m khÃ¡c nhÆ° nÆ°á»›c hoa vÃ  Ä‘á»“ng há»“ vÃ  lucaster khÃ´ng gá»i Ä‘iá»‡n thoáº¡i cho khÃ¡ch hÃ ng bÃ¡o sáº½ Ä‘Æ°á»£c tri Ã¢n Ä‘á»ƒ mua sáº£n pháº©m khÃ¡c nÃªn khÃ¡ch hÃ ng cá»§a lucaster hÃ£y cáº©n tháº­n cáº£nh giÃ¡c áº¡ â¤ï¸",NhÃ³m MÃ u:Äen,0
89,0***9Chá»©ng nháº­n Ä‘Ã£ mua hÃ ng,mÃ¬nh Ä‘Ã£ nháº­n Ä‘Æ°á»£c vÃ­ mua hÃ´m qua mÃ  nay Ä‘Ã£ nháº­n shop chuáº©n bá»‹ hÃ ng nhanh vÃ­ Ä‘áº¹p Ä‘Ãºng nhÆ° hÃ¬nh áº£nh shop giá»›i thiá»‡u sáº½ quay láº¡i á»§ng há»™ shop,NhÃ³m MÃ u:CÃ  phÃª,0
90,NGUYEN N.Chá»©ng nháº­n Ä‘Ã£ mua hÃ ng,Lucaster cáº£m Æ¡n báº¡n Ä‘Ã£ tin tÆ°á»Ÿng vÃ  á»§ng há»™ sáº£n pháº©m cá»§a lucaster áº¡ â¤ï¸lucaster mong muá»‘n Ä‘Æ°á»£c phá»¥c vá»¥ báº¡n vÃ  ngÆ°á»i thÃ¢n cá»§a báº¡n á»Ÿ nhá»¯ng Ä‘Æ¡n hÃ ng trong tÆ°Æ¡ng lai áº¡ â¤ï¸ ğŸ”ºgÃ³c cáº£nh bÃ¡o lá»«a Ä‘áº£o: Lucaster chá»‰ kinh doanh sáº£n pháº©m báº±ng da khÃ´ng kinh doanh sáº£n pháº©m khÃ¡c nhÆ° nÆ°á»›c hoa vÃ  Ä‘á»“ng há»“ vÃ  lucaster khÃ´ng gá»i Ä‘iá»‡n thoáº¡i cho khÃ¡ch hÃ ng bÃ¡o sáº½ Ä‘Æ°á»£c tri Ã¢n Ä‘á»ƒ mua sáº£n pháº©m khÃ¡c nÃªn khÃ¡ch hÃ ng cá»§a lucaster hÃ£y cáº©n tháº­n cáº£nh giÃ¡c áº¡ â¤ï¸,NhÃ³m MÃ u:CÃ  phÃª,0
91,BÃ¬nh N.Chá»©ng nháº­n Ä‘Ã£ mua hÃ ng,ráº¥t hÃ i lÃ²ng vá» shop áº¡,NhÃ³m MÃ u:Äen,2
92,Huyá»n N.Chá»©ng nháº­n Ä‘Ã£ mua hÃ ng,MÃ u sáº¯c:hÃ¬nh Ä‘Ã¡ng Ä‘áº¹p Ã½ nghÄ©a..cháº¥t liá»‡u hÆ¡i thÃ´ cá»©ng..cáº¯t gá»t vÃ£i thá»«a cáº©u tháº£ nhÃ¬n báº£o quÃ¡t..tiá»n nÃ o cá»§a náº¥y..nhÆ°ng khuyÃªn shop..Ä‘Ã£ cháº¥p nháº­n bÃ¡n giÃ¡ Ä‘Ã³ thÃ¬ pháº£i hoÃ n chá»‰nh sp.Ä‘á»«ng cáº¯t gá»t vÃ£i dÆ° nhÆ° chuá»™t cáº·p...,NhÃ³m MÃ u:Äen,0
93,LÆ°u K.Chá»©ng nháº­n Ä‘Ã£ mua hÃ ng,ÄÃºng máº«u mÃ£ vÃ  giÃ¡ cáº£ há»£p lÃ½ vÃ  Ä‘Ãºng sá»‘ lÆ°á»£ng hÃ ng OK,NhÃ³m MÃ u:Äen,0
94,Táº¥n N.Chá»©ng nháº­n Ä‘Ã£ mua hÃ ng,HÃ ng Ä‘áº¹p Ä‘Ãºng nhÆ° mÃ´ táº£ giÃ¡ quÃ¡ Æ° lÃ  ráº» nha má»i ngÆ°á»i â€¦.cáº£m Æ¡n shop nhÃ©,NhÃ³m MÃ u:Ngang /Ä‘en,0
95,Doan V.Chá»©ng nháº­n Ä‘Ã£ mua hÃ ng,Shop xin chÃ¢n thÃ nh cáº£m Æ¡n báº¡n Ä‘Ã£ á»§ng há»™ cho shop. Ráº¥t vui khi cÃ³ thá»ƒ gáº·p láº¡i báº¡n trong nhá»¯ng Ä‘Æ¡n hÃ ng tiáº¿p theo.,NhÃ³m MÃ u:Ngang/xanhnavy,0
96,Tran M.Chá»©ng nháº­n Ä‘Ã£ mua hÃ ng,"BÃ³p Ä‘áº¹p, giÃ¡ ráº», nhÃ¢n viÃªn giao hÃ ng nhanh láº¹, vui tÃ­nh , hiá»n!!! 5sao+5sao",NhÃ³m MÃ u:Äen,1
97,Tran T.Chá»©ng nháº­n Ä‘Ã£ mua hÃ ng,Shop xin chÃ¢n thÃ nh cáº£m Æ¡n báº¡n Ä‘Ã£ á»§ng há»™ cho shop. Ráº¥t vui khi cÃ³ thá»ƒ gáº·p láº¡i báº¡n trong nhá»¯ng Ä‘Æ¡n hÃ ng tiáº¿p theo.,NhÃ³m MÃ u:Äen,0
98,Huynh B.Chá»©ng nháº­n Ä‘Ã£ mua hÃ ng,nhÃ¬n ráº¥t tá»‘t ngung khÃ´ng ngá» ngoÃ i Ä‘á»i nÃ³ to nhÆ° tháº¿. Ok á»§ng há»™ 5 sao cho shop,NhÃ³m MÃ u:Äen,0
99,V***.Chá»©ng nháº­n Ä‘Ã£ mua hÃ ng,Cáº£m Æ¡n báº¡n Ä‘Ã£ tin tÆ°á»Ÿng mua sáº£n pháº©m áº¡. CHÃºc báº¡n luÃ´n tÃ¬m Ä‘Æ°á»£c nhá»¯ng sáº£n pháº©m tá»‘t giÃ¡ ráº». VÃ  Ä‘á»«ng quÃªn follow shop Ä‘á»ƒ thÆ°á»ng xuyÃªn cáº­p nháº­t sáº£n pháº©m má»›i nha báº¡n. Cáº£m Æ¡n báº¡n áº¡,NhÃ³m MÃ u:Äen,0
100,0***0Chá»©ng nháº­n Ä‘Ã£ mua hÃ ng,-HÃ ng quÃ¡ lÃ  ok lun,NhÃ³m MÃ u:Äen,0
101,nguyen2720Chá»©ng nháº­n Ä‘Ã£ mua hÃ ng,Cáº£m Æ¡n báº¡n Ä‘Ã£ tin tÆ°á»Ÿng mua sáº£n pháº©m áº¡. CHÃºc báº¡n luÃ´n tÃ¬m Ä‘Æ°á»£c nhá»¯ng sáº£n pháº©m tá»‘t giÃ¡ ráº». VÃ  Ä‘á»«ng quÃªn follow shop Ä‘á»ƒ thÆ°á»ng xuyÃªn cáº­p nháº­t sáº£n pháº©m má»›i nha báº¡n. Cáº£m Æ¡n báº¡n áº¡,NhÃ³m MÃ u:Äen,0
102,0***7Chá»©ng nháº­n Ä‘Ã£ mua hÃ ng,ok Ä‘áº¥y. giao hÃ ng hÆ¡i lÃ¢u .5 sao,NhÃ³m mÃ u:MÃ u nÃ¢u,0
103,8***4Chá»©ng nháº­n Ä‘Ã£ mua hÃ ng,bo Ä‘áº¹p okokokok shop ..giao Ä‘Ãºng hÃ¬nh chá»n,MÃ u:NÃ¢u,0
104,V***.Chá»©ng nháº­n Ä‘Ã£ mua hÃ ng,Cáº£m Æ¡n báº¡n Ä‘Ã£ tin mua sáº£n pháº©m cá»§a shop. Mong ráº±ng báº¡n sáº½ giá»›i thiá»‡u sáº£n pháº©m tá»›i báº¡n bÃ¨ Ä‘á»ƒ á»§ng há»™ shop nhiá»u hÆ¡n. Háº¹n gáº·p láº¡i báº¡n trong cÃ¡c sáº£n pháº©m tiáº¿p theo áº¡,MÃ u:XÃ¡m,0
105,PhÆ°Æ¡ng L.Chá»©ng nháº­n Ä‘Ã£ mua hÃ ng,sp ráº¥t tá»‘tttttt (hÃ¬nh áº£nh chá»‰ mang tÃ­nh cháº¥t nháº­n xu),MÃ u:Xanh Nháº¡t,0
106,Heo S.Chá»©ng nháº­n Ä‘Ã£ mua hÃ ng,Cáº£m Æ¡n báº¡n Ä‘Ã£ tin tÆ°á»Ÿng mua sáº£n pháº©m áº¡. CHÃºc báº¡n luÃ´n tÃ¬m Ä‘Æ°á»£c nhá»¯ng sáº£n pháº©m tá»‘t giÃ¡ ráº». VÃ  Ä‘á»«ng quÃªn follow shop Ä‘á»ƒ thÆ°á»ng xuyÃªn cáº­p nháº­t sáº£n pháº©m má»›i nha báº¡n. Cáº£m Æ¡n báº¡n áº¡,MÃ u:Äen,0
107,QuÃ´Ìc D.Chá»©ng nháº­n Ä‘Ã£ mua hÃ ng,"HÃ ng Ä‘Ãºng nhÆ° mÃ´ táº£, vÃ­ cÃ³ báº£o hÃ nh, da cÃ¡ sáº¥u mÃ  giÃ¡ láº¡i khuyáº¿n mÃ£i. á»¦ng há»™ shop",MÃ u:NÃ¢u,0
108,Thai N.Chá»©ng nháº­n Ä‘Ã£ mua hÃ ng,"BÃ³p Ä‘áº¹p láº¯m nha. CÃ³ giáº¥y chá»©ng nháº­n vá»›i báº£o hÃ nh luÃ´n. Ship nhanh ná»¯a.
0:05",NhÃ³m MÃ u:Äen,0
109,Nháº¥t C.Chá»©ng nháº­n Ä‘Ã£ mua hÃ ng,"Da cÃ¡ sáº¥u chÃ­nh hÃ£ng, cÃ³ giáº¥y chá»©ng nháº­n viáº¿t tay, vÃ­ Ä‘áº¹p cÃ³ táº·ng thÃªm mÃ³c khÃ³a tay cÃ¡ sáº¥u, ráº¥t ok, shop phá»¥c vá»¥ ráº¥t tá»‘t",NhÃ³m MÃ u:Äen,0
110,Nur H. tá»« Malaysia,"VÃ­ ngon cÃ¡c bÃ¡c, e mua giÃ¡ ráº» ko ngá» luÃ´n, vÃ­ nÃ y binh thÆ°á»ng e mua ngoai store gáº§n 1tr mÃ  trÃªn nÃ y mua cÃ³ hÆ¡n 200k thÃ´i mÃ  cháº¥t lÆ°á»£ng tuyá»‡t vá»i",NhÃ³m MÃ u:Äen,0
111,Mervyn 8. tá»« Malaysia,Mua cho ck ck kÃªu lÃªn cho shop 5 sao Ä‘i chá»© vÃ­ da gÃ¬ ráº» vÃ  Ä‘áº¹p z trá»i,NhÃ³m MÃ u:Äen,0
112,Ä***.Chá»©ng nháº­n Ä‘Ã£ mua hÃ ng,"ráº¥t Ä‘áº¹p ráº¥t hÃ i lÃ²ng  mÃ u sáº¯c sáº¯c nÃ©t da má»‹n mÃ ng Ä‘Ã¡ng tiá»n cho shop 5*
hÃ¬nh áº£nh video mang tÃ­nh cháº¥t nháº­n xu",NhÃ³m MÃ u:Äen,0
113,ThÆ°á»›c N.Chá»©ng nháº­n Ä‘Ã£ mua hÃ ng,"Cháº¥t liá»‡u:da 
 Kiá»ƒu dÃ¡ng:vÃ­ hÃ¬nh vuÃ´ng
 MÃ u sáº¯c:Ä‘áº·t nÃ¢u nhÆ°ng giao nÃ¢u xáº«m",NhÃ³m mÃ u:Äen,0
114,LÃª T.Chá»©ng nháº­n Ä‘Ã£ mua hÃ ng,"vÃ­ máº«u mÃ£ Ä‘áº¹p, giÃ¡ cáº£ há»£p lÃ½ ná»¯a. Giao hÃ ng nhanh chÃ³ng Ä‘Ã³ng gÃ³i cáº©n tháº­n. Ráº¥t á»§ng há»™ shop",NhÃ³m MÃ u:Äen - FS,0
115,H***.Chá»©ng nháº­n Ä‘Ã£ mua hÃ ng,VÃ­ Ä‘áº¹p pháº¿t mÃ  giÃ¡ cÅ©ng ráº». CÃ³ 2 ngÄƒn Ä‘á»±ng Ä‘Æ°á»£c nhiá»u giáº¥y tá» cáº§n thiáº¿t vÃ  Ä‘iá»‡n thoáº¡i. HÃ ng nÆ°á»›c ngoÃ i 5 ngÃ y nháº­n Ä‘Æ°á»£c,NhÃ³m MÃ u:Äen,0
116,*******904Chá»©ng nháº­n Ä‘Ã£ mua hÃ ng,"Cháº¥t liá»‡u: vá»«a tiá»n 
 Kiá»ƒu dÃ¡ng: Ä‘áº¹p 
 MÃ u sáº¯c: 
Äen",NhÃ³m MÃ u:NÃ¢u - FS,0
117,HÃ²ang H.Chá»©ng nháº­n Ä‘Ã£ mua hÃ ng,Äáº¹p vá»«a tÃºi tiá»n,NhÃ³m MÃ u:Äen,0
118,*******599Chá»©ng nháº­n Ä‘Ã£ mua hÃ ng,Lucaster cáº£m Æ¡n báº¡n Ä‘Ã£ tin tÆ°á»Ÿng vÃ  á»§ng há»™ sáº£n pháº©m cá»§a lucaster áº¡ â¤ï¸lucaster mong muá»‘n Ä‘Æ°á»£c phá»¥c vá»¥ báº¡n vÃ  ngÆ°á»i thÃ¢n cá»§a báº¡n á»Ÿ nhá»¯ng Ä‘Æ¡n hÃ ng trong tÆ°Æ¡ng lai áº¡ â¤ï¸ ğŸ”ºgÃ³c cáº£nh bÃ¡o lá»«a Ä‘áº£o: Lucaster chá»‰ kinh doanh sáº£n pháº©m báº±ng da khÃ´ng kinh doanh sáº£n pháº©m khÃ¡c nhÆ° nÆ°á»›c hoa vÃ  Ä‘á»“ng há»“ vÃ  lucaster khÃ´ng gá»i Ä‘iá»‡n thoáº¡i cho khÃ¡ch hÃ ng bÃ¡o sáº½ Ä‘Æ°á»£c tri Ã¢n Ä‘á»ƒ mua sáº£n pháº©m khÃ¡c nÃªn khÃ¡ch hÃ nge cá»§a lucaster hÃ£y cáº©n nháº£n trÃªn e Ãª cáº£nh giÃ¡c áº¡ â¤ï¸,NhÃ³m MÃ u:NÃ‚U,0
119,N***.Chá»©ng nháº­n Ä‘Ã£ mua hÃ ng,vÃ­ Ä‘áº¹p kiá»ƒu dÃ¡ng tráº» trung cháº¥t lÆ°á»£ng cÅ©ng tá»‘t láº¯m,NhÃ³m MÃ u:NÃ‚U,0
120,9***3Chá»©ng nháº­n Ä‘Ã£ mua hÃ ng,"Lucaster cáº£m Æ¡n báº¡n Ä‘Ã£ tin tÆ°á»Ÿng vÃ  á»§ng há»™ sáº£n pháº©m cá»§a lucaster áº¡ â¤ï¸lucaster mong muá»‘n Ä‘Æ°á»£c phá»¥c vá»¥ báº¡n vÃ  ngÆ°á»i thÃ¢n cá»§a báº¡n á»Ÿ nhá»¯ng Ä‘Æ¡n hÃ ng trong tÆ°Æ¡ng lai áº¡ â¤ï¸
ğŸ”ºgÃ³c cáº£nh bÃ¡o lá»«a Ä‘áº£o:
Lucaster chá»‰ kinh doanh sáº£n pháº©m báº±ng da khÃ´ng kinh doanh sáº£n pháº©m khÃ¡c nhÆ° nÆ°á»›c hoa vÃ  Ä‘á»“ng há»“ vÃ  lucaster khÃ´ng gá»i Ä‘iá»‡n thoáº¡i cho khÃ¡ch hÃ ng bÃ¡o sáº½ Ä‘Æ°á»£c tri Ã¢n Ä‘á»ƒ mua sáº£n pháº©m khÃ¡c nÃªn khÃ¡ch hÃ ng cá»§a lucaster hÃ£y cáº©n tháº­n cáº£nh giÃ¡c áº¡ â¤ï¸",NhÃ³m MÃ u:ÄEN,0
121,0***4Chá»©ng nháº­n Ä‘Ã£ mua hÃ ng,vÃ­ Ä‘áº¹p mÃ u sáº¯c phÃ¹ há»£p cáº£ nam vÃ  ná»¯ nha,NhÃ³m MÃ u:NÃ‚U,0
122,0***4Chá»©ng nháº­n Ä‘Ã£ mua hÃ ng,"Lucaster cáº£m Æ¡n báº¡n Ä‘Ã£ tin tÆ°á»Ÿng vÃ  á»§ng há»™ sáº£n pháº©m cá»§a lucaster áº¡ â¤ï¸lucaster mong muá»‘n Ä‘Æ°á»£c phá»¥c vá»¥ báº¡n vÃ  ngÆ°á»i thÃ¢n cá»§a báº¡n á»Ÿ nhá»¯ng Ä‘Æ¡n hÃ ng trong tÆ°Æ¡ng lai áº¡ â¤ï¸
ğŸ”ºgÃ³c cáº£nh bÃ¡o lá»«a Ä‘áº£o:
Lucaster chá»‰ kinh doanh sáº£n pháº©m báº±ng da khÃ´ng kinh doanh sáº£n pháº©m khÃ¡c nhÆ° nÆ°á»›c hoa vÃ  Ä‘á»“ng há»“ vÃ  lucaster khÃ´ng gá»i Ä‘iá»‡n thoáº¡i cho khÃ¡ch hÃ ng bÃ¡o sáº½ Ä‘Æ°á»£c tri Ã¢n Ä‘á»ƒ mua sáº£n pháº©m khÃ¡c nÃªn khÃ¡ch hÃ ng cá»§a lucaster hÃ£y cáº©n tháº­n cáº£nh giÃ¡c áº¡ â¤ï¸",NhÃ³m MÃ u:ÄEN,0
123,0***7Chá»©ng nháº­n Ä‘Ã£ mua hÃ ng,cháº¥t lÆ°á»£ng tá»‘t shop giao hÃ ng nhanh sáº½ cÃ²n quay ;láº¡i á»§ng há»™ shop,NhÃ³m MÃ u:Äen ngang,0
124,Henry R.Chá»©ng nháº­n Ä‘Ã£ mua hÃ ng,Lucaster cáº£m Æ¡n báº¡n Ä‘Ã£ tin tÆ°á»Ÿng vÃ  á»§ng há»™ sáº£n pháº©m cá»§a lucaster áº¡ â¤ï¸lucaster mong muá»‘n Ä‘Æ°á»£c phá»¥c vá»¥ báº¡n vÃ  ngÆ°á»i thÃ¢n cá»§a báº¡n á»Ÿ nhá»¯ng Ä‘Æ¡n hÃ ng trong tÆ°Æ¡ng lai áº¡ â¤ï¸ ğŸ”ºgÃ³c cáº£nh bÃ¡o lá»«a Ä‘áº£o: Lucaster chá»‰ kinh doanh sáº£n pháº©m báº±ng da khÃ´ng kinh doanh sáº£n pháº©m khÃ¡c nhÆ° nÆ°á»›c hoa vÃ  Ä‘á»“ng há»“ vÃ  lucaster khÃ´ng gá»i Ä‘iá»‡n thoáº¡i cho khÃ¡ch hÃ ng bÃ¡o sáº½ Ä‘Æ°á»£c tri Ã¢n Ä‘á»ƒ mua sáº£n pháº©m khÃ¡c nÃªn khÃ¡ch hÃ nge cá»§a lucaster hÃ£y cáº©n nháº£n trÃªn e Ãª cáº£nh giÃ¡c áº¡ â¤ï¸,NhÃ³m MÃ u:VÃ­ Ä‘Æ°Ìng xanhnavy,0
125,NgÃ´ K.Chá»©ng nháº­n Ä‘Ã£ mua hÃ ng,gooooollllll nÃªn mua sáº½ quay láº¡i á»§ng há»™ shop,NhÃ³m MÃ u:VÃ­ Ä‘Æ°Ìng xanhnavy,0
126,0***3Chá»©ng nháº­n Ä‘Ã£ mua hÃ ng,Lucaster cáº£m Æ¡n báº¡n Ä‘Ã£ tin tÆ°á»Ÿng vÃ  á»§ng há»™ sáº£n pháº©m cá»§a lucaster áº¡ â¤ï¸lucaster mong muá»‘n Ä‘Æ°á»£c phá»¥c vá»¥ báº¡n vÃ  ngÆ°á»i thÃ¢n cá»§a báº¡n á»Ÿ nhá»¯ng Ä‘Æ¡n hÃ ng trong tÆ°Æ¡ng lai áº¡ â¤ï¸ ğŸ”ºgÃ³c cáº£nh bÃ¡o lá»«a Ä‘áº£o: Lucaster chá»‰ kinh doanh sáº£n pháº©m báº±ng da khÃ´ng kinh doanh sáº£n pháº©m khÃ¡c nhÆ° nÆ°á»›c hoa vÃ  Ä‘á»“ng há»“ vÃ  lucaster khÃ´ng gá»i Ä‘iá»‡n thoáº¡i cho khÃ¡ch hÃ ng bÃ¡o sáº½ Ä‘Æ°á»£c tri Ã¢n Ä‘á»ƒ mua sáº£n pháº©m khÃ¡c nÃªn khÃ¡ch hÃ ng cá»§a lucaster hÃ£y cáº©n tháº­n cáº£nh giÃ¡c áº¡ â¤ï¸,NhÃ³m MÃ u:VÃ­ Ä‘Æ°Ìng xanhnavy,0
127,Huynh B.Chá»©ng nháº­n Ä‘Ã£ mua hÃ ng,"Da khÃ¡ Ä‘áº¹p. NÃ³i chung lÃ  á»•n trong táº§m giÃ¡.
Mua 2 cÃ¡i Ä‘á»u khÃ¡ okela ğŸ¤ŸğŸ»ğŸ¤ŸğŸ»ğŸ¤ŸğŸ»ğŸ¤ŸğŸ»ğŸ¤ŸğŸ»ğŸ¤ŸğŸ»
â˜ºï¸â˜ºï¸â˜ºï¸â˜ºï¸â˜ºï¸â˜ºï¸â˜ºï¸â˜ºï¸â˜ºï¸â˜ºï¸â˜ºï¸ğŸ˜‰â˜ºï¸â˜ºï¸",NhÃ³m MÃ u:VÃ­ Ä‘Æ°Ìng Ä‘en,1
128,Nguyá»…n T.Chá»©ng nháº­n Ä‘Ã£ mua hÃ ng,"CÃ¡m Æ¡n báº¡n Ä‘Ã£ dÃ nh thá»i gian Ä‘Ã¡nh giÃ¡ sáº£n pháº©m giÃºp 4U, sá»± hÃ i lÃ²ng cá»§a báº¡n lÃ  Ä‘á»™ng lá»±c to lá»›n giÃºp 4U hoÃ n thiá»‡n má»—i ngÃ y.<3",NhÃ³m MÃ u:Blackï¼ˆHardwareï¼‰,0
129,h***.Chá»©ng nháº­n Ä‘Ã£ mua hÃ ng,"sáº£n pháº©m Ä‘Ãºng nhÆ° mÃ´ táº£.    
sáº½ á»§ng há»™ shop láº§n sau khi cÃ³ nhu cáº§u.       
mbgh",NhÃ³m MÃ u:Blackï¼ˆHardwareï¼‰,0
130,0***8Chá»©ng nháº­n Ä‘Ã£ mua hÃ ng,"Cáº£m Æ¡n báº¡n Ä‘Ã£ dÃ nh thá»i gian Ä‘Ã¡nh giÃ¡ sáº£n pháº©m giÃºp DAVANTI, sá»± hÃ i lÃ²ng cá»§a báº¡n lÃ  Ä‘á»™ng lá»±c to lá»›n giÃºp DAVANTI hoÃ n thiá»‡n má»—i ngÃ y. â¤ï¸",NhÃ³m MÃ u:Blackï¼ˆHardwareï¼‰,0
131,phan T.Chá»©ng nháº­n Ä‘Ã£ mua hÃ ng,"vÃ­ Ä‘áº¹p, nhiá»u ngÄƒn, ráº¥t Æ°ng Ã½. shop gÃ³i hÃ ng chuáº©n bá»‹ hÃ ng ráº¥t lÃ  nhanh. hÃ¬nh áº£nh mang tÃ­nh cháº¥t minh hoáº¡ nháº­n xu.",NhÃ³m MÃ u:Blackï¼ˆHardwareï¼‰,0
132,3***7Chá»©ng nháº­n Ä‘Ã£ mua hÃ ng,"CÃ¡m Æ¡n báº¡n Ä‘Ã£ dÃ nh thá»i gian Ä‘Ã¡nh giÃ¡ sáº£n pháº©m cá»§a Shop, sá»± hÃ i lÃ²ng cá»§a báº¡n lÃ  Ä‘á»™ng lá»±c to lá»›n giÃºp Shop hoÃ n thiá»‡n má»—i ngÃ y.<3",NhÃ³m MÃ u:Blackï¼ˆHardwareï¼‰,0
133,*******019Chá»©ng nháº­n Ä‘Ã£ mua hÃ ng,vÃ­ Ä‘áº¹p Ä‘Æ°á»ng chá»‰ tá»‰ má»‰. damá»m. má»i ngÆ°á»i nÃªn mua. bfjdkskakkahhdbdbdbbfnfnfjksjahvsvdvfv,NhÃ³m MÃ u:MÃ u nÃ¢u Ä‘áº­m,0
134,Má»µ N.Chá»©ng nháº­n Ä‘Ã£ mua hÃ ng,"CÃ¡m Æ¡n báº¡n Ä‘Ã£ dÃ nh thá»i gian Ä‘Ã¡nh giÃ¡ sáº£n pháº©m cá»§a Shop, sá»± hÃ i lÃ²ng cá»§a báº¡n lÃ  Ä‘á»™ng lá»±c to lá»›n giÃºp Shop hoÃ n thiá»‡n má»—i ngÃ y.<3",NhÃ³m MÃ u:MÃ u nÃ¢u Ä‘áº­m,0
135,H***iChá»©ng nháº­n Ä‘Ã£ mua hÃ ng,"hang giao nhanh láº¯m, Ä‘áº·t 25 mÃ  27/10 cÃ³ hÃ ng liá»n, cÃ³ há»™p vÃ  card lá»‹ch sá»±, bÃ³p cáº§m cháº¯c tay, Ä‘áº¹p.",NhÃ³m MÃ u:MÃ u nÃ¢u Ä‘áº­m,2
136,Tráº§n V.Chá»©ng nháº­n Ä‘Ã£ mua hÃ ng,"CÃ¡m Æ¡n báº¡n Ä‘Ã£ dÃ nh thá»i gian Ä‘Ã¡nh giÃ¡ sáº£n pháº©m cá»§a Shop, sá»± hÃ i lÃ²ng cá»§a báº¡n lÃ  Ä‘á»™ng lá»±c to lá»›n giÃºp Shop hoÃ n thiá»‡n má»—i ngÃ y.<3",NhÃ³m MÃ u:MÃ u nÃ¢u Ä‘áº­m,0
137,****0Chá»©ng nháº­n Ä‘Ã£ mua hÃ ng,"Sáº£n pháº©m nhá» gá»n vÃ  sang trá»ng.
NhÃ¬n thanh lá»‹ch vÃ  Ä‘a nÄƒng, da má»m.",NhÃ³m MÃ u:Äen,0
138,H***nChá»©ng nháº­n Ä‘Ã£ mua hÃ ng,giugyfivigvgcig ig ig icigc8gv7gc8cigcgicigcigcigccgii,NhÃ³m MÃ u:Äen,0
139,Nguyá»…n T.Chá»©ng nháº­n Ä‘Ã£ mua hÃ ng,"hÆ¡i nhá», há»£p vs Ä‘á»±ng tháº», cÃ²n tiá»n thÃ¬ hÆ¡i khÃ³ nhÃ©t",NhÃ³m MÃ u:NÃ¢u,0
140,0***4Chá»©ng nháº­n Ä‘Ã£ mua hÃ ng,"Cháº¥t liá»‡u:da
 Kiá»ƒu dÃ¡ng:nhá» gá»n 
 MÃ u sáº¯c:Ä‘en
giao hÃ ng nhanh.",NhÃ³m MÃ u:NÃ¢u,0
141,NgoquoctheChá»©ng nháº­n Ä‘Ã£ mua hÃ ng,sáº£n pháº©m OK,NhÃ³m MÃ u:Äen,0
142,N***.Chá»©ng nháº­n Ä‘Ã£ mua hÃ ng,"Giao hÃ ng nhanh, Ä‘Ã³ng gÃ³i cáº©n tháº­n
HÃ ng giá»‘ng y nhÆ° trong mÃ´ táº£
ÄÆ°á»ng chá»‰ may nhiá»u khÃºc hÆ¡i xáº¥u
Hy vá»ng sáº½ bá»n",NhÃ³m MÃ u:NÃ¢u,3
143,9***3Chá»©ng nháº­n Ä‘Ã£ mua hÃ ng,VÃ­ thÃ´ng minh .. Chá»‰ LÃ  khÃ´ng Ä‘Æ°á»£c gá»­i. CÃ³ báº¡n nhÃ© .. Láº·p láº¡i. Cáº£m Æ¡n quÃ½ khÃ¡ch TQ TQ. gmbaq tkdk mngena,NhÃ³m MÃ u:lion Ä‘en,1
144,Demons T.Chá»©ng nháº­n Ä‘Ã£ mua hÃ ng,Giao hÃ ng ráº¥t nhanh. bao bÃ¬ cÅ©ng miá»…n lÃ . ngÆ°á»i bÃ¡n tÄ‘k,NhÃ³m MÃ u:Xanhnavy,2
145,V***.Chá»©ng nháº­n Ä‘Ã£ mua hÃ ng,hÃ ng ok dÃ¹ng tá»‘t máº«u mÃ£ Ä‘áº¹p . hÃ ng quá»‘c táº¿ nÃªn giao hÃ ng hÆ¡i lÃ¢u nhÆ°ng tháº¥y lÃ¢u mÃ  Ä‘Ã¡ng Ä‘áº» chá» Ä‘á»£i,NhÃ³m MÃ u:Äen,2
146,L***.Chá»©ng nháº­n Ä‘Ã£ mua hÃ ng,"Vá»›i má»i ngÆ°á»i tháº¿ nÃ o lÃ  1 sáº£n pháº©m vá»«a Ã½, vá»›i mÃ¬nh thÃ¬ tháº¥y nÃ³ phÃ¹ há»£p lÃ  vá»«a Ã½ vÃ  vá»«a kháº£ nÄƒng chi tráº£ âœ…",NhÃ³m MÃ u:Äen,0
147,PhÆ°Æ¡ng H.Chá»©ng nháº­n Ä‘Ã£ mua hÃ ng,"VÃ­ dÃ¹ng tá»‘t, Ä‘á»ƒ vÃ o tÃºi nhÆ° lá»›p da thá»© hai. NhÃ¬n cÅ©ng khÃ¡ Ä‘áº¹p, giÃ¡ tiá»n á»•n mÃ  cháº¥t lÆ°á»£ng láº¡i cao ^^.",NhÃ³m MÃ u:lion xanh navy,7
148,V***.Chá»©ng nháº­n Ä‘Ã£ mua hÃ ng,"Shop GINKA xin chÃ¢n thÃ nh cáº£m Æ¡n QuÃ½ khÃ¡ch Ä‘Ã£ mua hÃ ng vÃ  cÃ³ nhá»¯ng pháº£n há»“i háº¿t sá»©c quÃ½ giÃ¡ vá»›i shop. ChÃºng tÃ´i xin ghi nháº­n nhá»¯ng Ã½ kiáº¿n gÃ³p Ã½ cá»§a QuÃ½ khÃ¡ch Ä‘á»ƒ cáº£i thiá»‡n, nÃ¢ng cao cháº¥t lÆ°á»£ng phá»¥c vá»¥. Háº¹n gáº·p láº¡i QuÃ½ khÃ¡ch trong nhá»¯ng láº§n mua sáº¯m tá»›i",NhÃ³m MÃ u:MÃ u vÃ ng nháº¡t,0
149,H***.Chá»©ng nháº­n Ä‘Ã£ mua hÃ ng,"Sáº£n pháº©m Ä‘áº¹p tá»« da Ä‘áº¿n Ä‘Æ°á»ng chá»‰, shop Ä‘Ã³ng gÃ³i cáº©n tháº­n.",NhÃ³m MÃ u:tráº¯ng,2
150,0***8Chá»©ng nháº­n Ä‘Ã£ mua hÃ ng,"Shop GINKA xin chÃ¢n thÃ nh cáº£m Æ¡n QuÃ½ khÃ¡ch Ä‘Ã£ mua hÃ ng vÃ  cÃ³ nhá»¯ng pháº£n há»“i háº¿t sá»©c quÃ½ giÃ¡ vá»›i shop. ChÃºng tÃ´i xin ghi nháº­n nhá»¯ng Ã½ kiáº¿n gÃ³p Ã½ cá»§a QuÃ½ khÃ¡ch Ä‘á»ƒ cáº£i thiá»‡n, nÃ¢ng cao cháº¥t lÆ°á»£ng phá»¥c vá»¥. Háº¹n gáº·p láº¡i QuÃ½ khÃ¡ch trong nhá»¯ng láº§n mua sáº¯m tá»›i",NhÃ³m MÃ u:tráº¯ng,0
151,H***.Chá»©ng nháº­n Ä‘Ã£ mua hÃ ng,"Ä‘áº¹p, Ä‘Ãºng giÃ¡, cháº¥t lÆ°á»£ng Ä‘áº£m báº£o. láº§n sau tiáº¿p tá»¥c mua tiáº¿p. quan trá»ng lÃ  uy tÃ­n.",NhÃ³m MÃ u:VÃ ng,0
152,ÄÃ¢y V.Chá»©ng nháº­n Ä‘Ã£ mua hÃ ng,"Shop GINKA xin chÃ¢n thÃ nh cáº£m Æ¡n QuÃ½ khÃ¡ch Ä‘Ã£ mua hÃ ng vÃ  cÃ³ nhá»¯ng pháº£n há»“i háº¿t sá»©c quÃ½ giÃ¡ vá»›i shop. ChÃºng tÃ´i xin ghi nháº­n nhá»¯ng Ã½ kiáº¿n gÃ³p Ã½ cá»§a QuÃ½ khÃ¡ch Ä‘á»ƒ cáº£i thiá»‡n, nÃ¢ng cao cháº¥t lÆ°á»£ng phá»¥c vá»¥. Háº¹n gáº·p láº¡i QuÃ½ khÃ¡ch trong nhá»¯ng láº§n mua sáº¯m tá»›i",NhÃ³m MÃ u:VÃ ng,0
153,thai Q.Chá»©ng nháº­n Ä‘Ã£ mua hÃ ng,sáº£n pháº©m ok ráº¥t Æ°ng cÃ¡i bá»¥ng,NhÃ³m MÃ u:MÃ u khaki,0
154,*******561Chá»©ng nháº­n Ä‘Ã£ mua hÃ ng,"Shop GINKA xin chÃ¢n thÃ nh cáº£m Æ¡n QuÃ½ khÃ¡ch Ä‘Ã£ mua hÃ ng vÃ  cÃ³ nhá»¯ng pháº£n há»“i háº¿t sá»©c quÃ½ giÃ¡ vá»›i shop. ChÃºng tÃ´i xin ghi nháº­n nhá»¯ng Ã½ kiáº¿n gÃ³p Ã½ cá»§a QuÃ½ khÃ¡ch Ä‘á»ƒ cáº£i thiá»‡n, nÃ¢ng cao cháº¥t lÆ°á»£ng phá»¥c vá»¥. Háº¹n gáº·p láº¡i QuÃ½ khÃ¡ch trong nhá»¯ng láº§n mua sáº¯m tá»›i",NhÃ³m MÃ u:Äen,0
155,Joi tá»« Malaysia,hÃ ng Ä‘Ãºng mÃ´ táº£.......................... ............,NhÃ³m MÃ u:NÃ¢u,0
156,nguyá»…n T.Chá»©ng nháº­n Ä‘Ã£ mua hÃ ng,"Shop GINKA xin chÃ¢n thÃ nh cáº£m Æ¡n QuÃ½ khÃ¡ch Ä‘Ã£ mua hÃ ng vÃ  cÃ³ nhá»¯ng pháº£n há»“i háº¿t sá»©c quÃ½ giÃ¡ vá»›i shop. ChÃºng tÃ´i xin ghi nháº­n nhá»¯ng Ã½ kiáº¿n gÃ³p Ã½ cá»§a QuÃ½ khÃ¡ch Ä‘á»ƒ cáº£i thiá»‡n, nÃ¢ng cao cháº¥t lÆ°á»£ng phá»¥c vá»¥. Háº¹n gáº·p láº¡i QuÃ½ khÃ¡ch trong nhá»¯ng láº§n mua sáº¯m tá»›i",NhÃ³m MÃ u:MÃ u khaki,0
157,0***3Chá»©ng nháº­n Ä‘Ã£ mua hÃ ng,"ÄÃ£ nháº­n Ä‘c sp, khÃ¡ má»ng, nÃ³i chung lÃ  tiá»n nÃ o cá»§a náº¥y thÃ´i. shop giao hÃ ng nhanh. ÄÃ¡ng Ä‘á»ƒ tráº£i nghiá»‡m.ğŸ’–",NhÃ³m MÃ u:Äen,0
158,Ngá»c B.Chá»©ng nháº­n Ä‘Ã£ mua hÃ ng,"ChÃ o báº¡n, tháº­t tuyá»‡t vá»i vÃ¬ báº¡n Ä‘Ã£ nháº­n Ä‘Æ°á»£c hÃ ng vÃ  táº·ng cho shop 1 Ä‘Ã¡nh giÃ¡ tá»‘t. Shop chÃ¢n thÃ nh cÃ¡m Æ¡n báº¡n ráº¥t nhiá»u, vÃ¬ Ä‘Ã¡nh giÃ¡ cá»§a báº¡n lÃ  Ä‘á»™ng lá»±c Ä‘á»ƒ shop ngÃ y cÃ ng cá»‘ gáº¯ng hÆ¡n, mang Ä‘áº¿n nhá»¯ng sáº£n pháº©m vÃ  dá»‹ch vá»¥ tá»‘t hÆ¡n ná»¯a Ä‘á»ƒ phá»¥c vá»¥ báº¡n trong nhá»¯ng Ä‘Æ¡n hÃ ng sau. Shop yÃªu báº¡n ráº¥t nhiá»u áº¡ <3",NhÃ³m mÃ u:NÃ¢u DÃ¡ng Äá»©ng,0
159,H***.Chá»©ng nháº­n Ä‘Ã£ mua hÃ ng,Vá»›i giÃ¡ nÃ y thÃ¬ ok rá»“i.,NhÃ³m MÃ u:Äen DÃ¡ng Äá»©ng,0
160,****2Chá»©ng nháº­n Ä‘Ã£ mua hÃ ng,Kiá»ƒu dÃ¡ng:Ä‘áº¹p gá»n ....................................,NhÃ³m mÃ u:NÃ¢u DÃ¡ng Äá»©ng,0
161,0***9Chá»©ng nháº­n Ä‘Ã£ mua hÃ ng,"Cháº¥t liá»‡u:Ä‘áº¹p 
 Kiá»ƒu dÃ¡ng:Ä‘áº¹p....................


.
.......",NhÃ³m mÃ u:NÃ¢u DÃ¡ng Äá»©ng,0
162,LÃª T.Chá»©ng nháº­n Ä‘Ã£ mua hÃ ng,MÃ u sáº¯c:ttttgebdbjdhsndjxjcjsndbnxndndbdbcjcjjfnfnfnfnfb,NhÃ³m mÃ u:NÃ¢u DÃ¡ng Äá»©ng,0
163,bybiuChá»©ng nháº­n Ä‘Ã£ mua hÃ ng,Ä‘áº¹p vÃ  cháº¯c cháº¯n Ä‘Ã³ng gÃ³i Ä‘áº¹p,NhÃ³m MÃ u:NÃ¢u,0
164,HoÃ ng H.Chá»©ng nháº­n Ä‘Ã£ mua hÃ ng,"Lucaster cáº£m Æ¡n báº¡n Ä‘Ã£ tin tÆ°á»Ÿng vÃ  á»§ng há»™ sáº£n pháº©m cá»§a lucaster áº¡ â¤ï¸lucaster mong muá»‘n Ä‘Æ°á»£c phá»¥c vá»¥ báº¡n vÃ  ngÆ°á»i thÃ¢n cá»§a báº¡n á»Ÿ nhá»¯ng Ä‘Æ¡n hÃ ng trong tÆ°Æ¡ng lai áº¡ â¤ï¸
ğŸ”ºgÃ³c cáº£nh bÃ¡o lá»«a Ä‘áº£o:
Lucaster chá»‰ kinh doanh sáº£n pháº©m báº±ng da khÃ´ng kinh doanh sáº£n pháº©m khÃ¡c nhÆ° nÆ°á»›c hoa vÃ  Ä‘á»“ng há»“ vÃ  lucaster khÃ´ng gá»i Ä‘iá»‡n thoáº¡i cho khÃ¡ch hÃ ng bÃ¡o sáº½ Ä‘Æ°á»£c tri Ã¢n Ä‘á»ƒ mua sáº£n pháº©m khÃ¡c nÃªn khÃ¡ch hÃ ng cá»§a lucaster hÃ£y cáº©n tháº­n cáº£nh giÃ¡c áº¡ â¤ï¸",NhÃ³m MÃ u:NÃ¢u,0
165,Quan T.Chá»©ng nháº­n Ä‘Ã£ mua hÃ ng,"Ä‘Ã£ mua vÃ  dÃ¹ng nhiá»u vÃ­ á»Ÿ ná»›i khÃ¡c nhÆ°ng con vÃ­ nÃ y cá»§a shop tÃ´i ráº¥t hÃ i lÃ²ng ,cÃ³ Ä‘á»™ hoÃ n thiá»‡n ráº¥t cao nhÆ°ng giÃ¡ láº¡i khÃ¡ ok nha cáº£m Æ¡n shop Ä‘Ã£ guiuwr hagnf nhanh chÃ³ng 10 Ä‘iá»ƒm",NhÃ³m MÃ u:NÃ¢u,0
166,Nguyá»…n T.Chá»©ng nháº­n Ä‘Ã£ mua hÃ ng,"Lucaster cáº£m Æ¡n báº¡n Ä‘Ã£ tin tÆ°á»Ÿng vÃ  á»§ng há»™ sáº£n pháº©m cá»§a lucaster áº¡ â¤ï¸lucaster mong muá»‘n Ä‘Æ°á»£c phá»¥c vá»¥ báº¡n vÃ  ngÆ°á»i thÃ¢n cá»§a báº¡n á»Ÿ nhá»¯ng Ä‘Æ¡n hÃ ng trong tÆ°Æ¡ng lai áº¡ â¤ï¸
ğŸ”ºgÃ³c cáº£nh bÃ¡o lá»«a Ä‘áº£o:
Lucaster chá»‰ kinh doanh sáº£n pháº©m báº±ng da khÃ´ng kinh doanh sáº£n pháº©m khÃ¡c nhÆ° nÆ°á»›c hoa vÃ  Ä‘á»“ng há»“ vÃ  lucaster khÃ´ng gá»i Ä‘iá»‡n thoáº¡i cho khÃ¡ch hÃ ng bÃ¡o sáº½ Ä‘Æ°á»£c tri Ã¢n Ä‘á»ƒ mua sáº£n pháº©m khÃ¡c nÃªn khÃ¡ch hÃ ng cá»§a lucaster hÃ£y cáº©n tháº­n cáº£nh giÃ¡c áº¡ â¤ï¸",NhÃ³m MÃ u:NÃ¢u,0
167,LÃª T.Chá»©ng nháº­n Ä‘Ã£ mua hÃ ng,hÃ ng Ä‘áº¹p .. nhÆ°ng má»i ngÆ°á»i cÃ³ mua nÃªn chá»n loáº¡i náº±m ngang cho Ä‘áº¹p nÃ¨ ... nhÃ¬n cÅ©ng ok khÃ´ng biáº¿t vá» sau nhÆ° tháº¿ nÃ o ... Ä‘áº¹p,NhÃ³m MÃ u:NÃ¢u,0
168,LÃ½ T.Chá»©ng nháº­n Ä‘Ã£ mua hÃ ng,"Lucaster cáº£m Æ¡n báº¡n Ä‘Ã£ tin tÆ°á»Ÿng vÃ  á»§ng há»™ sáº£n pháº©m cá»§a lucaster áº¡ â¤ï¸lucaster mong muá»‘n Ä‘Æ°á»£c phá»¥c vá»¥ báº¡n vÃ  ngÆ°á»i thÃ¢n cá»§a báº¡n á»Ÿ nhá»¯ng Ä‘Æ¡n hÃ ng trong tÆ°Æ¡ng lai áº¡ â¤ï¸
ğŸ”ºgÃ³c cáº£nh bÃ¡o lá»«a Ä‘áº£o:
Lucaster chá»‰ kinh doanh sáº£n pháº©m báº±ng da khÃ´ng kinh doanh sáº£n pháº©m khÃ¡c nhÆ° nÆ°á»›c hoa vÃ  Ä‘á»“ng há»“ vÃ  lucaster khÃ´ng gá»i Ä‘iá»‡n thoáº¡i cho khÃ¡ch hÃ ng bÃ¡o sáº½ Ä‘Æ°á»£c tri Ã¢n Ä‘á»ƒ mua sáº£n pháº©m khÃ¡c nÃªn khÃ¡ch hÃ ng cá»§a lucaster hÃ£y cáº©n tháº­n cáº£nh giÃ¡c áº¡ â¤ï¸",NhÃ³m MÃ u:máº«u 1,0
169,DÆ°Æ¡ng N.Chá»©ng nháº­n Ä‘Ã£ mua hÃ ng,Ä‘áº¹p cháº¥t lÆ°á»£ng tá»‘t giÃ¡ ok há»™p Ä‘Ã³ng gÃ³i Ä‘áº¹p Ä‘em táº·ng quÃ  ráº¥t sang nha,NhÃ³m MÃ u:máº«u 2,0
170,Pham C.Chá»©ng nháº­n Ä‘Ã£ mua hÃ ng,"Lucaster cáº£m Æ¡n báº¡n Ä‘Ã£ tin tÆ°á»Ÿng vÃ  á»§ng há»™ sáº£n pháº©m cá»§a lucaster áº¡ â¤ï¸lucaster mong muá»‘n Ä‘Æ°á»£c phá»¥c vá»¥ báº¡n vÃ  ngÆ°á»i thÃ¢n cá»§a báº¡n á»Ÿ nhá»¯ng Ä‘Æ¡n hÃ ng trong tÆ°Æ¡ng lai áº¡ â¤ï¸
ğŸ”ºgÃ³c cáº£nh bÃ¡o lá»«a Ä‘áº£o:
Lucaster chá»‰ kinh doanh sáº£n pháº©m báº±ng da khÃ´ng kinh doanh sáº£n pháº©m khÃ¡c nhÆ° nÆ°á»›c hoa vÃ  Ä‘á»“ng há»“ vÃ  lucaster khÃ´ng gá»i Ä‘iá»‡n thoáº¡i cho khÃ¡ch hÃ ng bÃ¡o sáº½ Ä‘Æ°á»£c tri Ã¢n Ä‘á»ƒ mua sáº£n pháº©m khÃ¡c nÃªn khÃ¡ch hÃ ng cá»§a lucaster hÃ£y cáº©n tháº­n cáº£nh giÃ¡c áº¡ â¤ï¸",NhÃ³m MÃ u:máº«u 2,0
171,há»“ng V.Chá»©ng nháº­n Ä‘Ã£ mua hÃ ng,Mua táº·ng báº¡n áº¡ Ä‘áº¹p láº¯m Ã¡ hihihihi nÃªn mua nÃªn mua nha áº¡ hihhihihi,NhÃ³m MÃ u:máº«u 5,0
172,trungChá»©ng nháº­n Ä‘Ã£ mua hÃ ng,"Lucaster cáº£m Æ¡n báº¡n Ä‘Ã£ tin tÆ°á»Ÿng vÃ  á»§ng há»™ sáº£n pháº©m cá»§a lucaster áº¡ â¤ï¸lucaster mong muá»‘n Ä‘Æ°á»£c phá»¥c vá»¥ báº¡n vÃ  ngÆ°á»i thÃ¢n cá»§a báº¡n á»Ÿ nhá»¯ng Ä‘Æ¡n hÃ ng trong tÆ°Æ¡ng lai áº¡ â¤ï¸
ğŸ”ºgÃ³c cáº£nh bÃ¡o lá»«a Ä‘áº£o:
Lucaster chá»‰ kinh doanh sáº£n pháº©m báº±ng da khÃ´ng kinh doanh sáº£n pháº©m khÃ¡c nhÆ° nÆ°á»›c hoa vÃ  Ä‘á»“ng há»“ vÃ  lucaster khÃ´ng gá»i Ä‘iá»‡n thoáº¡i cho khÃ¡ch hÃ ng bÃ¡o sáº½ Ä‘Æ°á»£c tri Ã¢n Ä‘á»ƒ mua sáº£n pháº©m khÃ¡c nÃªn khÃ¡ch hÃ ng cá»§a lucaster hÃ£y cáº©n tháº­n cáº£nh giÃ¡c áº¡ â¤ï¸",NhÃ³m MÃ u:máº«u 5,0
173,mienChá»©ng nháº­n Ä‘Ã£ mua hÃ ng,Hhttyujjhgrrtujhgvhjyttgbbjhyttfghdkfjsksjfbdjwiwidhbdbebwwbjejdfhhfbfbfbsjwuwuw,NhÃ³m mÃ u:MÃ u Ä‘en,0
174,C***.Chá»©ng nháº­n Ä‘Ã£ mua hÃ ng,"ok........,.....ok ok ok ok ok ok ok kk ok.........................................",NhÃ³m mÃ u:MÃ u Ä‘en,0
175,My L.Chá»©ng nháº­n Ä‘Ã£ mua hÃ ng,hÆ¡i má»ng 4 sao,NhÃ³m MÃ u:Ngang,0
176,NhÆ° T.Chá»©ng nháº­n Ä‘Ã£ mua hÃ ng,vÃ­ ráº¥t Ä‘áº¹p khÃ´ng cáº§n pháº£i bÃ n,NhÃ³m mÃ u:MÃ u Ä‘en,0
177,T***.Chá»©ng nháº­n Ä‘Ã£ mua hÃ ng,"sp tá»‘t , giÃ¡ cáº£ pháº£i chÄƒng",NhÃ³m mÃ u:MÃ u Ä‘en,0
178,Anna P.Chá»©ng nháº­n Ä‘Ã£ mua hÃ ng,"Cháº¥t liá»‡u:nhÃ¬n chung lÃ  tá»‘t
 Kiá»ƒu dÃ¡ng:há»£p thá»i trang
 MÃ u sáº¯c:mÃ u Ä‘áº¹p",NhÃ³m MÃ u:CÃ  phÃª,0
179,0***3Chá»©ng nháº­n Ä‘Ã£ mua hÃ ng,"HÃ ng giao nhanh tháº¥y cÅ©ng ok ,Ä‘Æ¡n giáº£n ok nha mn",NhÃ³m MÃ u:CÃ  phÃª,0
180,tráº§n T.Chá»©ng nháº­n Ä‘Ã£ mua hÃ ng,"sáº£n pháº©m cÃ³ cháº¥t lÆ°á»£ng khÃ¡ tá»‘t, phÃ¹ há»£p vá»›i giÃ¡ cáº£, cháº¥t lÆ°á»£ng da chÆ°a Ä‘Ã¡nh giÃ¡ Ä‘Æ°á»£c,  nhÃ¬n cÅ©ng khÃ¡ Ä‘áº¹p, ráº¥t gá»n, sáº£n pháº©m nÃªn mua náº¿u cáº§n, shop chuáº©n bá»‹ hÃ ng nhanh, giao hÃ ng nhanh, Ä‘Ã³ng gÃ³i hÃ ng hÃ³a há»£p lÃ½.",NhÃ³m MÃ u:Äen,0
181,BÃ¹i A.Chá»©ng nháº­n Ä‘Ã£ mua hÃ ng,"cháº¥t lÆ°á»£ng cá»§a vÃ­ khÃ¡ á»•n so vá»›i táº§m giÃ¡
mÃ u giá»‘ng áº£nh, cháº¥t da sá» Ãªm tay",NhÃ³m MÃ u:CÃ  phÃª,0
182,0***0Chá»©ng nháº­n Ä‘Ã£ mua hÃ ng,"vÃ­ Ä‘áº¹p má»m, khÃ´ng cÃ³ chá»‰ thá»«a. hÃ¬nh áº£nh mang tÃ­nh cháº¥t nháº­n xu.",NhÃ³m MÃ u:CÃ  phÃª,0
183,Tá»­ C.Chá»©ng nháº­n Ä‘Ã£ mua hÃ ng,"Cháº¥t liá»‡u:ok 
 Kiá»ƒu dÃ¡ng:vá»«a tÃºi nhÆ°ng náº¿u Ä‘á»ƒ 500k vÃ o thÃ¬ hÆ¡i nhá» 1 xÃ­u
 MÃ u sáº¯c:Ä‘Ãºng mÃ u mjk Ä‘áº·t",NhÃ³m mÃ u:Äen,0
184,X***.Chá»©ng nháº­n Ä‘Ã£ mua hÃ ng,Ä‘á»‘ng gá»i cáº©n tháº­n ok,NhÃ³m mÃ u:Äen,0
185,M***.Chá»©ng nháº­n Ä‘Ã£ mua hÃ ng,"HÃ ng Ä‘áº¹p nhamoij ngÆ°á»i, nÃªn mua",NhÃ³m MÃ u:MÃ u xanh navy,0
186,7***9Chá»©ng nháº­n Ä‘Ã£ mua hÃ ng,VÃ­ da ráº¥t Ä‘áº¹p mÃ¬nh ráº¥t thÃ­ch táº·ng cho shop 5 sao.cáº£m Æ¡n shop.sáº½ á»§ng há»™ shop,NhÃ³m MÃ u:Äen,0
187,H***iChá»©ng nháº­n Ä‘Ã£ mua hÃ ng,giao hÃ ng Ä‘Ãºng mÃ´ táº£  vÃ­ Ä‘áº¹p thá»i trang,NhÃ³m MÃ u:Äen,0
188,HanhbooChá»©ng nháº­n Ä‘Ã£ mua hÃ ng,hÃ ng Ä‘áº¹p. ráº¥t ok. má»i ngÆ°á»i nÃªn mua shop nÃ y nha. sÄƒn giáº£m giÃ¡ nÃªn vá»«a ráº» vá»«a Ä‘áº¹p.  Ã³ dá»‹p sáº½ á»§ng há»™ shop tiáº¿p,NhÃ³m MÃ u:NÃ¢u,0
189,9***1Chá»©ng nháº­n Ä‘Ã£ mua hÃ ng,Lucaster cáº£m Æ¡n báº¡n Ä‘Ã£ tin tÆ°á»Ÿng vÃ  á»§ng há»™ sáº£n pháº©m cá»§a lucaster áº¡ â¤ï¸lucaster mong muá»‘n Ä‘Æ°á»£c phá»¥c vá»¥ báº¡n vÃ  ngÆ°á»i thÃ¢n cá»§a báº¡n á»Ÿ nhá»¯ng Ä‘Æ¡n hÃ ng trong tÆ°Æ¡ng lai áº¡ â¤ï¸ ğŸ”ºgÃ³c cáº£nh bÃ¡o lá»«a Ä‘áº£o: Lucaster chá»‰ kinh doanh sáº£n pháº©m báº±ng da khÃ´ng kinh doanh sáº£n pháº©m khÃ¡c nhÆ° nÆ°á»›c hoa vÃ  Ä‘á»“ng há»“ vÃ  lucaster khÃ´ng gá»i Ä‘iá»‡n thoáº¡i cho khÃ¡ch hÃ ng bÃ¡o sáº½ Ä‘Æ°á»£c tri Ã¢n Ä‘á»ƒ mua sáº£n pháº©m khÃ¡c nÃªn khÃ¡ch hÃ nge cá»§a lucaster hÃ£y cáº©n nháº£n trÃªn e Ãª cáº£nh giÃ¡c áº¡ â¤ï¸,NhÃ³m MÃ u:Äen,0
190,L***.Chá»©ng nháº­n Ä‘Ã£ mua hÃ ng,vÃ­ Ä‘áº¹p y nhÆ° lá»i giá»›i thiá»‡u tá»« shop,NhÃ³m MÃ u:Äen,0
191,0***4Chá»©ng nháº­n Ä‘Ã£ mua hÃ ng,Lucaster cáº£m Æ¡n báº¡n Ä‘Ã£ tin tÆ°á»Ÿng vÃ  á»§ng há»™ sáº£n pháº©m cá»§a lucaster áº¡ â¤ï¸lucaster mong muá»‘n Ä‘Æ°á»£c phá»¥c vá»¥ báº¡n vÃ  ngÆ°á»i thÃ¢n cá»§a báº¡n á»Ÿ nhá»¯ng Ä‘Æ¡n hÃ ng trong tÆ°Æ¡ng lai áº¡ â¤ï¸,NhÃ³m MÃ u:NÃ¢u,0
192,8***3Chá»©ng nháº­n Ä‘Ã£ mua hÃ ng,Ä‘áº¹p nha shop sáº½ á»§ng há»™ shop,NhÃ³m MÃ u:Äen,0
193,0***4Chá»©ng nháº­n Ä‘Ã£ mua hÃ ng,Lucaster cáº£m Æ¡n báº¡n Ä‘Ã£ tin tÆ°á»Ÿng vÃ  á»§ng há»™ sáº£n pháº©m cá»§a lucaster áº¡ â¤ï¸lucaster mong muá»‘n Ä‘Æ°á»£c phá»¥c vá»¥ báº¡n vÃ  ngÆ°á»i thÃ¢n cá»§a báº¡n á»Ÿ nhá»¯ng Ä‘Æ¡n hÃ ng trong tÆ°Æ¡ng lai áº¡ â¤ï¸,NhÃ³m MÃ u:VNN da bÃ² KT01 Ä‘en,0
194,Nguyá»…n V.Chá»©ng nháº­n Ä‘Ã£ mua hÃ ng,shop giao hÃ ng nnhanh chÃ³ng vÃ­ Ä‘áº¹p y hÃ¬nh Ä‘Æ°á»£c bá» trong há»™p ráº¥t oke,NhÃ³m MÃ u:VNN da bÃ² KT01 NÃ¢u,0
195,Tráº§n H.Chá»©ng nháº­n Ä‘Ã£ mua hÃ ng,Dáº¡ lucaster cáº£m Æ¡n s anh Ä‘Ã£ aÌ€ tin tÆ°á»Ÿng vÃ  á»§ng há»™ sáº£n pháº©m cá»§a lucaster áº¡ â¤ï¸,NhÃ³m MÃ u:VNN da bÃ² KT01 Ä‘en,0
196,Tuáº¥n N.Chá»©ng nháº­n Ä‘Ã£ mua hÃ ng,vÃ­ Ä‘áº¹p ráº¥t Ä‘Ã¡ng tiá»n shop tÆ° váº¥n nhiá»‡t tÃ¬nh.,NhÃ³m MÃ u:VNN da bÃ² KT01 NÃ¢u,0
197,NÃ´ng B.Chá»©ng nháº­n Ä‘Ã£ mua hÃ ng,Lucaster cáº£m Æ¡n báº¡n Ä‘Ã£ tin tÆ°á»Ÿng vÃ  á»§ng há»™ sáº£n pháº©m cá»§a lucaster áº¡ â¤ï¸,NhÃ³m MÃ u:VÃ­ tÃºi,0
198,VÄƒn T.Chá»©ng nháº­n Ä‘Ã£ mua hÃ ng,gá»­i mÃ u tráº¯ng vÃ  mÃ   thÃ nh nhÆ° tháº¿ nÃ y  .chiuuuu roiiiiiiiiiii,NhÃ³m MÃ u:Äen,0
199,0***5Chá»©ng nháº­n Ä‘Ã£ mua hÃ ng,"Ä‘Ã£ nháº­n hÃ ng , hÃ ng ok trong táº§m giÃ¡ chá»‰ cÃ³ cÃ¡i lÃ  Ä‘áº·t mÃ u tráº¯ng mÃ  shop láº¡i giao tráº¯ng vÃ ng",NhÃ³m MÃ u:Äen,0
200,Minh M.Chá»©ng nháº­n Ä‘Ã£ mua hÃ ng,vÃ­ ráº¥t Ä‘áº¹p :)) ğŸ˜€â¤â¤â¤â¤â¤â¤â¤â¤â¤â¤â¤â¤â¤ğŸ‘ğŸ‘ğŸ‘ğŸ‘ğŸ‘ğŸ‘ğŸ‘ğŸ‘ğŸ‘ğŸ‘ğŸ‘ğŸ‘ğŸ‘ğŸ‘ğŸ‘ğŸ‘ğŸ‘ğŸ‘ğŸ‘ğŸ‘ğŸ‘ğŸ‘ğŸ‘ŒğŸ‘ŒğŸ‘ŒğŸ‘ŒğŸ‘ŒğŸ‘ŒğŸ‘ŒğŸ‘Œ,NhÃ³m MÃ u:Äen,0
201,Yáº¿n N.Chá»©ng nháº­n Ä‘Ã£ mua hÃ ng,nhÃ¬n ráº¥t Ä‘áº¹p máº¯t,NhÃ³m MÃ u:Äen,0
202,V***.Chá»©ng nháº­n Ä‘Ã£ mua hÃ ng,cháº¥t lÆ°á»£ng,NhÃ³m MÃ u:NÃ¢u,0
203,7***2Chá»©ng nháº­n Ä‘Ã£ mua hÃ ng,"KhÃ³a tá»« tÃ­nh giÃºp dá»… dÃ ng sá»­ dá»¥ng, MÃ³n quÃ  tuyá»‡t vá»i cho ngÆ°á»i thÃ¢n yÃªu,",NhÃ³m mÃ u:NÃ¢u Ä‘áº­m,0
204,A***.Chá»©ng nháº­n Ä‘Ã£ mua hÃ ng,"QuÃ½ khÃ¡ch thÃ¢n máº¿n, ráº¥t vui khi quÃ½ khÃ¡ch yÃªu thÃ­ch sáº£n pháº©m cá»§a chÃºng tÃ´i, Ä‘Ã¡nh giÃ¡ tá»‘t cá»§a báº¡n lÃ  Ä‘á»™ng lá»±c lá»›n cá»§a shop. ChÃºc quÃ½ khÃ¡ch má»™t ngÃ y vui váº» áº¡.",NhÃ³m MÃ u:NÃ¢u Ä‘áº­m,0
205,PhÆ°Æ¡ngChá»©ng nháº­n Ä‘Ã£ mua hÃ ng,Alhamdullilah Ä‘áº¹p,NhÃ³m mÃ u:NÃ¢u Ä‘áº­m,0
206,Thanh T.Chá»©ng nháº­n Ä‘Ã£ mua hÃ ng,"cháº¥t liá»‡u da má»m máº¡i tÃ´i ráº¥t thÃ­ch,kiá»ƒu dÃ¡ng má»›i láº¡,ráº¥t Ä‘áº¹p,mÃ u sáº¯c thi khÃ´ng thá»ƒ chÃª Ä‘Ã¢u Ä‘Æ°á»£c,nÃ³i chung tÃ´i ráº¥t vá»«a Ã½.",NhÃ³m mÃ u:NÃ¢u Ä‘áº­m,0
207,kieuthachChá»©ng nháº­n Ä‘Ã£ mua hÃ ng,"QuÃ½ khÃ¡ch thÃ¢n máº¿n, ráº¥t vui khi quÃ½ khÃ¡ch yÃªu thÃ­ch sáº£n pháº©m cá»§a chÃºng tÃ´i, Ä‘Ã¡nh giÃ¡ tá»‘t cá»§a báº¡n lÃ  Ä‘á»™ng lá»±c lá»›n cá»§a shop. ChÃºc quÃ½ khÃ¡ch má»™t ngÃ y vui váº» áº¡.",NhÃ³m mÃ u:NÃ¢u Ä‘áº­m,0
208,Sinh T.Chá»©ng nháº­n Ä‘Ã£ mua hÃ ng,"OKOKOKOKOKOKOKOKOKOKOKOKOK TRONG Táº¦M GIÃ!
Äáº¸P NHÆ¯ HÃŒNH QUáº¢NG CÃO! TUY NHIÃŠN HÆ I DÃ€Y CÃ“ CHáº®C CHáº®N NHÆ¯NG Dá»„ Bá»Š Cá»˜M! Má»NG CHÃšT THÃŒ TUYá»†T!
CÃI KHÃ“A HÆ I TO! HÆ I ÃT NGÄ‚N(TIá»€N)!",MÃ u:NÃ¢u,0
209,m***iChá»©ng nháº­n Ä‘Ã£ mua hÃ ng,"Xin chÃ o! Ráº¥t cáº£m Æ¡n tÃ¬nh cáº£m vÃ  sá»± Ä‘Ã¡nh giÃ¡ cao cá»§a báº¡n. Sá»± hÃ i lÃ²ng cá»§a báº¡n lÃ  pháº§n thÆ°á»Ÿng lá»›n nháº¥t cá»§a chÃºng tÃ´i, cá»­a hÃ ng sáº½ lÃ m viá»‡c chÄƒm chá»‰ hÆ¡n vÃ  ráº¥t mong Ä‘Æ°á»£c báº¡n ghÃ© thÄƒm láº§n sau.",MÃ u:NÃ¢u,0
210,Ã‚n P.Chá»©ng nháº­n Ä‘Ã£ mua hÃ ng,"Cháº¥t liá»‡u:tá»‘t 
 Kiá»ƒu dÃ¡ng:y nhÆ° hÃ¬nh 
 MÃ u sáº¯c:Ä‘en",MÃ u:Xanh Nháº¡t,0
211,TP V.Chá»©ng nháº­n Ä‘Ã£ mua hÃ ng,"ChÃºng tÃ´i Ä‘Ã£ nháº­n Ä‘Æ°á»£c Ä‘Ã¡nh giÃ¡ tá»‘t cá»§a báº¡n, chÃºng tÃ´i ráº¥t vinh dá»± khi nháº­n Ä‘Æ°á»£c sá»± kháº³ng Ä‘á»‹nh cá»§a báº¡n vÃ  ráº¥t mong Ä‘Æ°á»£c phá»¥c vá»¥ báº¡n má»™t láº§n ná»¯a.",MÃ u:Äen,0
212,N***.Chá»©ng nháº­n Ä‘Ã£ mua hÃ ng,"Shop giao hÆ¡i lÃ¢u nhÆ°ng bÃ¹ láº¡i tÃºi Ä‘áº¹p má»m, má»‹n, má»±Æ¡t. Nhiá»u ngÄƒn, rá»™ng Ä‘á»ƒ tiá»n k bá»‹ lÃ²i ra ngoÃ i",MÃ u:Xanh Äáº­m,2
213,0***6Chá»©ng nháº­n Ä‘Ã£ mua hÃ ng,CÅ©ng tuá»³ vÃ´ cÃ¡i mÃ  háº¯n cho dÃ¹ng háº¿t xu cÆ¡ mÃ  vÃ­ oke trong táº§m giÃ¡. NhÃ¡c chá»¥p hÃ¬nh nÃªn mn Ä‘á»c Ä‘Ã¡nh giÃ¡ táº¡m nhÃ©,MÃ€U:HN C7,0
214,nguyá»…n V.Chá»©ng nháº­n Ä‘Ã£ mua hÃ ng,"cÃ¡c sáº£n pháº©m khÃ¡c Ä‘á»u ráº¥t ok, chá»‰ riÃªng cÃ¡i khay lÃ m bÃ¡nh má»³ hoa cÃºc khÃ´ng nghÄ© láº¡i nhá» tháº¿. váº«n cho shop 5 sao vÃ¬ giao Ä‘á»§ hÃ ng, váº«n tiáº¿p tá»¥c á»§ng há»™ láº§n sau.",MÃ€U:HN C7,0
215,0***9Chá»©ng nháº­n Ä‘Ã£ mua hÃ ng,"hÃ ng ráº¥t ok nha má»i ngÆ°á»i. mua trÃºng lÃºc Ä‘ang sale nÃªn giÃ¡ khÃ¡ tá»‘t, ráº¥t hÃ i lÃ²ng. thanks shop, cÃ³ dá»‹p sáº½ á»§ng há»™ tiáº¿p.",NhÃ³m MÃ u:Káº» Äen,0
216,Tráº§n N.Chá»©ng nháº­n Ä‘Ã£ mua hÃ ng,"vÃ­ Ä‘áº¹p...giÃ¡ há»£p lÃ½, giao hÃ ng nhanh ,Ä‘Ã³ng gÃ³i cáº©n tháº­n, nÃ³i chung lÃ  ráº¥t ok...thanhks shop nhÃ©",NhÃ³m MÃ u:Káº» Äen,0
217,N***.Chá»©ng nháº­n Ä‘Ã£ mua hÃ ng,HÃ ng Ä‘Ãºng áº£nh Ä‘Ãºng cháº¥t lÆ°á»£ng nÃªn mua,NhÃ³m MÃ u:Káº» Äen,0
218,*******767Chá»©ng nháº­n Ä‘Ã£ mua hÃ ng,"HÃ ng Ä‘áº¹p, Ä‘á»±ng Ä‘Æ°á»£c nhiá»u!",NhÃ³m MÃ u:Káº» Äen,1
219,0***4Chá»©ng nháº­n Ä‘Ã£ mua hÃ ng,"cháº¥t liá»‡u cÅ©ng Ä‘c, má»m máº¡i, ngÄƒn bá» tiá»n thÃ¬ cÅ©ng rá»™ng rÃ£i, nhÆ°ng ngÄƒn Ä‘á»ƒ giáº¥y tá» thÃ¬ nhá», nhá»¯ng tháº» nhÆ° atm hoáº·c cccd thÃ¬ bá» vÃ´ Ä‘Æ°á»£c,to hÆ¡n thÃ¬ bá» vÃ´ bÃ³p k vá»«a.",NhÃ³m MÃ u:Káº» Äen,0
220,Nguyá»…n T.Chá»©ng nháº­n Ä‘Ã£ mua hÃ ng,"HÃ ng Ä‘áº¹p Ä‘Ãºng nhÆ° mÃ´ táº£, sáº¯c nÃ©t, cÃ³ khÃ³a kÃ©o ráº¥t cháº¯c cháº¯n....",NhÃ³m MÃ u:Äen,0
221,9***6Chá»©ng nháº­n Ä‘Ã£ mua hÃ ng,"sáº£n pháº©m ráº¥t ok, tá»•ng quan nhÆ° quáº£ng cÃ¡o, cÃ³ ngÄƒn giáº¥y tá» kha á»•n",NhÃ³m MÃ u:MÃ u nÃ¢u Ä‘áº­m,0
222,XuÃ¢n L.Chá»©ng nháº­n Ä‘Ã£ mua hÃ ng,"ÄÆ°á»ng chá»‰ Ä‘áº¹p, mÃ u sáº¯c nhÆ° quáº£ng cÃ¡o, Ä‘áº¹p, phong thá»§y, Æ°ng Ã½, cÃ¡c ngÄƒn rá»™ng rÃ£i, Ä‘á»±ng tiá»n vÃ  cÃ¡c tháº» thoáº£i mÃ¡i, gÃ³i ká»· cÃ ng, cÃ³ phiáº¿u cáº£m Æ¡n & Báº£o hÃ nh 1 nÄƒm, nÃ³i chung lÃ  cá»±c ká»³ tá»‘t, mÃ  giÃ¡ ráº», phÃ¹ há»£p quÃ¡ luÃ´n, giao hÃ ng Ä‘Ãºng nhÆ° dá»± kiáº¿n, vui váº», á»§ng há»™ shop láº§n sau, cho shop 5 sao *****",NhÃ³m MÃ u:MÃ u nÃ¢u Ä‘áº­m,0
223,tuan T.Chá»©ng nháº­n Ä‘Ã£ mua hÃ ng,dung da that. qua dep va ok .thanks shop,NhÃ³m MÃ u:Xanh dÆ°Æ¡ng,0
224,tuan T.Chá»©ng nháº­n Ä‘Ã£ mua hÃ ng,ráº¥t thÃ­ch hhgjkjkjhgfghjcvvvvvvvvvvvvvvvvvvvvvvvvvvvvvv,NhÃ³m MÃ u:Xanh dÆ°Æ¡ng,0
